date,total,num_good,num_bad
2005-01-20,1,1,0
2005-05-28,1,1,0
2005-06-28,1,1,0
2005-07-01,1,1,0
2005-07-11,2,1,1
2005-08-03,1,1,0
2005-09-11,1,1,0
2005-09-12,1,1,0
2005-09-26,1,1,0
2005-10-17,1,1,0
2005-11-18,1,1,0
2005-11-25,1,1,0
2005-12-13,1,1,0
2005-12-24,1,0,1
2006-01-25,1,1,0
2006-02-06,1,1,0
2006-02-27,1,0,1
2006-03-01,1,1,0
2006-03-03,1,1,0
2006-03-04,1,1,0
2006-03-06,1,1,0
2006-03-07,1,1,0
2006-03-08,1,0,1
2006-03-10,2,0,2
2006-03-13,1,0,1
2006-03-15,2,2,0
2006-03-20,1,0,1
2006-03-21,1,1,0
2006-03-22,1,1,0
2006-03-23,2,1,1
2006-03-27,1,1,0
2006-03-30,2,1,1
2006-03-31,2,2,0
2006-04-03,2,1,1
2006-04-04,1,1,0
2006-04-05,1,1,0
2006-04-06,3,2,1
2006-04-12,1,1,0
2006-04-14,1,1,0
2006-04-18,1,1,0
2006-04-19,1,1,0
2006-04-20,2,2,0
2006-04-21,1,0,1
2006-04-24,3,3,0
2006-04-25,2,1,1
2006-04-26,2,1,1
2006-04-27,1,1,0
2006-04-28,2,0,2
2006-05-01,1,1,0
2006-05-02,3,3,0
2006-05-03,1,0,1
2006-05-04,3,2,1
2006-05-05,2,2,0
2006-05-08,5,5,0
2006-05-09,2,2,0
2006-05-10,3,3,0
2006-05-11,1,1,0
2006-05-12,2,0,2
2006-05-13,2,2,0
2006-05-15,4,3,1
2006-05-16,1,1,0
2006-05-18,5,3,2
2006-05-19,1,1,0
2006-05-20,1,1,0
2006-05-22,1,1,0
2006-05-23,2,2,0
2006-05-24,3,1,2
2006-05-25,3,3,0
2006-05-26,1,1,0
2006-05-27,1,1,0
2006-05-30,2,2,0
2006-06-01,5,4,1
2006-06-02,1,1,0
2006-06-05,2,2,0
2006-06-06,1,0,1
2006-06-07,1,0,1
2006-06-08,3,3,0
2006-06-12,1,1,0
2006-06-14,3,3,0
2006-06-15,1,0,1
2006-06-16,2,2,0
2006-06-17,2,2,0
2006-06-19,3,1,2
2006-06-21,2,1,1
2006-06-22,3,3,0
2006-06-23,4,4,0
2006-06-26,2,0,2
2006-06-27,4,2,2
2006-06-28,4,3,1
2006-06-29,3,1,2
2006-06-30,3,3,0
2006-07-01,2,0,2
2006-07-03,2,1,1
2006-07-04,1,0,1
2006-07-05,2,2,0
2006-07-06,4,3,1
2006-07-07,2,1,1
2006-07-08,2,2,0
2006-07-10,3,2,1
2006-07-11,1,0,1
2006-07-12,3,3,0
2006-07-13,3,3,0
2006-07-15,1,1,0
2006-07-17,3,3,0
2006-07-18,2,2,0
2006-07-19,3,3,0
2006-07-20,1,1,0
2006-07-21,3,3,0
2006-07-22,3,2,1
2006-07-26,3,1,2
2006-07-27,2,1,1
2006-07-28,4,4,0
2006-08-01,4,2,2
2006-08-02,1,1,0
2006-08-03,2,2,0
2006-08-04,2,2,0
2006-08-05,2,1,1
2006-08-07,1,0,1
2006-08-08,4,4,0
2006-08-09,2,2,0
2006-08-10,5,3,2
2006-08-11,3,3,0
2006-08-14,1,0,1
2006-08-15,1,1,0
2006-08-16,1,1,0
2006-08-18,3,1,2
2006-08-19,1,1,0
2006-08-23,3,2,1
2006-08-24,2,2,0
2006-08-25,2,2,0
2006-08-26,2,2,0
2006-08-28,4,3,1
2006-08-29,1,1,0
2006-08-30,2,2,0
2006-08-31,1,0,1
2006-09-01,2,2,0
2006-09-02,1,1,0
2006-09-04,1,1,0
2006-09-05,3,1,2
2006-09-06,1,1,0
2006-09-07,2,1,1
2006-09-08,2,2,0
2006-09-11,2,2,0
2006-09-12,1,1,0
2006-09-13,4,3,1
2006-09-14,5,4,1
2006-09-15,1,1,0
2006-09-16,1,1,0
2006-09-18,1,1,0
2006-09-19,1,1,0
2006-09-20,1,1,0
2006-09-21,5,5,0
2006-09-22,3,3,0
2006-09-25,1,0,1
2006-09-26,2,1,1
2006-09-27,1,1,0
2006-09-28,2,2,0
2006-10-02,1,1,0
2006-10-03,1,1,0
2006-10-04,4,4,0
2006-10-05,3,3,0
2006-10-07,2,2,0
2006-10-09,3,2,1
2006-10-10,4,3,1
2006-10-11,3,2,1
2006-10-12,3,2,1
2006-10-13,4,2,2
2006-10-14,3,3,0
2006-10-16,4,3,1
2006-10-18,1,0,1
2006-10-19,2,2,0
2006-10-20,2,1,1
2006-10-22,1,1,0
2006-10-23,1,1,0
2006-10-25,1,1,0
2006-10-26,1,1,0
2006-10-27,1,1,0
2006-10-28,1,1,0
2006-10-30,4,4,0
2006-11-02,2,2,0
2006-11-03,4,2,2
2006-11-06,2,2,0
2006-11-07,3,2,1
2006-11-08,1,1,0
2006-11-09,6,3,3
2006-11-11,2,1,1
2006-11-13,2,2,0
2006-11-14,2,1,1
2006-11-15,2,1,1
2006-11-16,3,2,1
2006-11-17,2,1,1
2006-11-20,3,2,1
2006-11-21,3,2,1
2006-11-22,4,4,0
2006-11-23,1,0,1
2006-11-24,2,2,0
2006-11-25,1,1,0
2006-11-27,1,1,0
2006-11-29,1,1,0
2006-11-30,3,1,2
2006-12-01,3,2,1
2006-12-02,2,2,0
2006-12-04,1,1,0
2006-12-06,4,4,0
2006-12-07,2,2,0
2006-12-09,1,0,1
2006-12-11,3,1,2
2006-12-12,2,2,0
2006-12-13,1,1,0
2006-12-14,3,2,1
2006-12-15,1,0,1
2006-12-16,2,1,1
2006-12-19,3,3,0
2006-12-20,1,1,0
2006-12-21,2,2,0
2006-12-22,1,0,1
2006-12-23,3,3,0
2006-12-25,1,1,0
2006-12-26,2,1,1
2006-12-28,3,3,0
2006-12-30,1,1,0
2007-01-01,3,2,1
2007-01-02,1,1,0
2007-01-03,3,3,0
2007-01-04,4,3,1
2007-01-06,2,1,1
2007-01-07,1,1,0
2007-01-08,4,4,0
2007-01-11,4,4,0
2007-01-12,1,1,0
2007-01-13,1,0,1
2007-01-16,1,1,0
2007-01-17,2,1,1
2007-01-18,3,3,0
2007-01-19,1,0,1
2007-01-22,4,2,2
2007-01-23,2,1,1
2007-01-25,4,4,0
2007-01-26,1,1,0
2007-01-29,2,2,0
2007-01-30,4,3,1
2007-01-31,2,2,0
2007-02-01,6,4,2
2007-02-02,1,0,1
2007-02-03,3,1,2
2007-02-05,3,1,2
2007-02-06,3,3,0
2007-02-07,2,0,2
2007-02-08,3,3,0
2007-02-09,1,1,0
2007-02-10,1,0,1
2007-02-12,1,1,0
2007-02-14,1,0,1
2007-02-15,1,1,0
2007-02-16,4,2,2
2007-02-21,1,1,0
2007-02-22,3,3,0
2007-02-23,1,0,1
2007-02-24,3,2,1
2007-02-25,1,1,0
2007-02-26,2,2,0
2007-02-27,3,3,0
2007-03-01,1,1,0
2007-03-02,3,3,0
2007-03-03,1,1,0
2007-03-05,4,3,1
2007-03-06,2,2,0
2007-03-07,1,1,0
2007-03-08,2,2,0
2007-03-09,3,3,0
2007-03-10,1,1,0
2007-03-12,3,3,0
2007-03-13,1,1,0
2007-03-14,3,2,1
2007-03-15,4,3,1
2007-03-16,1,0,1
2007-03-19,3,1,2
2007-03-20,1,1,0
2007-03-22,5,4,1
2007-03-24,1,1,0
2007-03-25,1,1,0
2007-03-26,1,1,0
2007-03-28,3,1,2
2007-03-29,1,1,0
2007-03-30,2,1,1
2007-03-31,2,2,0
2007-04-02,2,1,1
2007-04-04,2,2,0
2007-04-05,2,2,0
2007-04-07,1,0,1
2007-04-09,1,1,0
2007-04-10,1,0,1
2007-04-12,3,1,2
2007-04-13,2,1,1
2007-04-14,2,1,1
2007-04-16,4,4,0
2007-04-17,1,1,0
2007-04-18,1,1,0
2007-04-19,5,4,1
2007-04-20,2,2,0
2007-04-21,1,1,0
2007-04-23,4,2,2
2007-04-24,1,1,0
2007-04-25,1,1,0
2007-04-26,4,4,0
2007-04-27,3,3,0
2007-04-28,3,1,2
2007-04-30,4,4,0
2007-05-01,2,2,0
2007-05-03,1,1,0
2007-05-04,1,1,0
2007-05-05,1,1,0
2007-05-08,1,1,0
2007-05-09,2,2,0
2007-05-10,4,2,2
2007-05-11,2,1,1
2007-05-15,1,1,0
2007-05-16,3,3,0
2007-05-17,5,2,3
2007-05-18,4,3,1
2007-05-19,2,1,1
2007-05-21,4,4,0
2007-05-23,1,1,0
2007-05-25,2,2,0
2007-05-26,1,1,0
2007-05-28,2,2,0
2007-05-29,2,1,1
2007-05-30,4,3,1
2007-05-31,5,4,1
2007-06-02,1,1,0
2007-06-04,3,3,0
2007-06-05,4,3,1
2007-06-06,1,0,1
2007-06-07,1,1,0
2007-06-08,2,1,1
2007-06-10,1,1,0
2007-06-11,5,4,1
2007-06-12,2,2,0
2007-06-13,1,0,1
2007-06-14,2,2,0
2007-06-15,1,0,1
2007-06-16,1,1,0
2007-06-18,3,3,0
2007-06-19,1,1,0
2007-06-20,5,3,2
2007-06-22,3,2,1
2007-06-25,4,4,0
2007-06-26,4,3,1
2007-06-28,4,3,1
2007-06-30,1,0,1
2007-07-02,3,3,0
2007-07-03,1,1,0
2007-07-05,2,1,1
2007-07-06,1,0,1
2007-07-07,2,2,0
2007-07-09,3,2,1
2007-07-10,2,2,0
2007-07-11,2,2,0
2007-07-12,1,1,0
2007-07-13,5,3,2
2007-07-16,1,1,0
2007-07-17,3,3,0
2007-07-18,1,1,0
2007-07-19,3,3,0
2007-07-20,2,2,0
2007-07-23,2,2,0
2007-07-24,2,2,0
2007-07-25,2,2,0
2007-07-26,3,2,1
2007-07-27,5,4,1
2007-07-30,3,2,1
2007-07-31,1,1,0
2007-08-02,3,3,0
2007-08-03,4,3,1
2007-08-06,1,0,1
2007-08-07,3,3,0
2007-08-10,2,2,0
2007-08-13,3,3,0
2007-08-14,3,1,2
2007-08-15,3,3,0
2007-08-16,6,6,0
2007-08-20,5,4,1
2007-08-21,4,3,1
2007-08-22,2,1,1
2007-08-23,3,3,0
2007-08-24,3,2,1
2007-08-27,1,1,0
2007-08-28,1,1,0
2007-08-30,2,2,0
2007-08-31,1,1,0
2007-09-03,2,2,0
2007-09-04,5,5,0
2007-09-05,2,2,0
2007-09-06,1,1,0
2007-09-07,1,1,0
2007-09-08,1,1,0
2007-09-10,1,1,0
2007-09-11,2,2,0
2007-09-12,2,1,1
2007-09-13,1,1,0
2007-09-15,1,0,1
2007-09-17,6,6,0
2007-09-18,6,6,0
2007-09-19,1,1,0
2007-09-20,1,1,0
2007-09-21,1,0,1
2007-09-24,3,1,2
2007-09-25,3,1,2
2007-09-26,4,3,1
2007-09-27,4,4,0
2007-09-28,2,2,0
2007-10-01,1,1,0
2007-10-02,3,3,0
2007-10-03,5,5,0
2007-10-04,3,3,0
2007-10-05,2,2,0
2007-10-06,1,1,0
2007-10-08,1,1,0
2007-10-11,2,2,0
2007-10-12,1,1,0
2007-10-15,1,0,1
2007-10-18,2,1,1
2007-10-19,3,2,1
2007-10-22,3,3,0
2007-10-23,2,1,1
2007-10-24,4,3,1
2007-10-25,6,4,2
2007-10-26,2,1,1
2007-10-30,4,4,0
2007-10-31,4,2,2
2007-11-01,5,5,0
2007-11-02,3,3,0
2007-11-05,4,3,1
2007-11-06,2,2,0
2007-11-07,3,3,0
2007-11-08,6,3,3
2007-11-09,1,1,0
2007-11-12,3,1,2
2007-11-13,3,2,1
2007-11-14,3,1,2
2007-11-15,2,1,1
2007-11-16,5,3,2
2007-11-19,1,1,0
2007-11-22,2,2,0
2007-11-24,1,0,1
2007-11-26,2,2,0
2007-11-27,1,1,0
2007-11-29,2,2,0
2007-11-30,1,1,0
2007-12-03,4,4,0
2007-12-04,2,2,0
2007-12-07,1,1,0
2007-12-11,1,1,0
2007-12-13,6,6,0
2007-12-14,2,2,0
2007-12-17,7,4,3
2007-12-18,3,2,1
2007-12-19,4,2,2
2007-12-20,6,5,1
2007-12-21,2,1,1
2007-12-22,1,1,0
2007-12-24,3,3,0
2007-12-27,1,0,1
2007-12-28,2,2,0
2007-12-29,1,1,0
2007-12-31,4,3,1
2008-01-02,1,1,0
2008-01-03,2,2,0
2008-01-04,2,2,0
2008-01-05,1,0,1
2008-01-07,6,6,0
2008-01-08,5,5,0
2008-01-09,4,3,1
2008-01-10,2,1,1
2008-01-11,2,1,1
2008-01-15,3,1,2
2008-01-16,2,2,0
2008-01-17,1,0,1
2008-01-21,1,1,0
2008-01-23,4,4,0
2008-01-24,5,3,2
2008-01-25,2,2,0
2008-01-26,1,1,0
2008-01-30,2,2,0
2008-01-31,4,4,0
2008-02-01,4,1,3
2008-02-02,4,3,1
2008-02-03,2,2,0
2008-02-04,4,3,1
2008-02-05,4,3,1
2008-02-06,1,1,0
2008-02-07,1,1,0
2008-02-08,1,1,0
2008-02-09,3,2,1
2008-02-10,1,1,0
2008-02-11,2,2,0
2008-02-12,4,3,1
2008-02-13,1,1,0
2008-02-14,6,5,1
2008-02-15,2,2,0
2008-02-18,1,1,0
2008-02-19,1,1,0
2008-02-20,1,0,1
2008-02-21,2,2,0
2008-02-22,1,1,0
2008-02-26,1,0,1
2008-02-27,1,1,0
2008-02-28,2,2,0
2008-03-03,2,2,0
2008-03-04,1,1,0
2008-03-05,8,5,3
2008-03-06,5,4,1
2008-03-07,2,0,2
2008-03-10,2,2,0
2008-03-11,6,5,1
2008-03-12,3,2,1
2008-03-13,4,4,0
2008-03-14,2,1,1
2008-03-18,2,2,0
2008-03-19,4,4,0
2008-03-20,1,1,0
2008-03-25,2,1,1
2008-03-26,1,1,0
2008-03-27,2,2,0
2008-03-28,2,0,2
2008-03-31,1,1,0
2008-04-01,2,2,0
2008-04-02,1,1,0
2008-04-03,2,1,1
2008-04-04,1,0,1
2008-04-05,2,1,1
2008-04-07,5,3,2
2008-04-08,2,2,0
2008-04-09,2,2,0
2008-04-10,5,5,0
2008-04-12,1,1,0
2008-04-14,1,1,0
2008-04-16,2,1,1
2008-04-17,3,1,2
2008-04-18,3,2,1
2008-04-21,1,1,0
2008-04-22,1,1,0
2008-04-23,4,2,2
2008-04-24,3,2,1
2008-04-25,3,2,1
2008-04-28,1,1,0
2008-04-29,4,4,0
2008-04-30,1,1,0
2008-05-01,3,2,1
2008-05-02,4,4,0
2008-05-03,1,1,0
2008-05-04,3,3,0
2008-05-05,7,5,2
2008-05-06,7,5,2
2008-05-08,3,3,0
2008-05-10,1,1,0
2008-05-14,1,1,0
2008-05-16,3,3,0
2008-05-19,5,4,1
2008-05-20,4,4,0
2008-05-21,1,1,0
2008-05-22,2,2,0
2008-05-24,1,1,0
2008-05-29,3,3,0
2008-05-30,1,1,0
2008-06-03,2,1,1
2008-06-04,4,2,2
2008-06-05,1,1,0
2008-06-06,2,2,0
2008-06-07,1,0,1
2008-06-10,3,2,1
2008-06-11,2,2,0
2008-06-12,5,5,0
2008-06-13,7,5,2
2008-06-14,4,4,0
2008-06-16,2,2,0
2008-06-18,2,2,0
2008-06-19,2,0,2
2008-06-20,3,3,0
2008-06-23,1,1,0
2008-06-24,2,1,1
2008-06-25,2,0,2
2008-06-26,1,1,0
2008-06-27,3,1,2
2008-06-30,1,1,0
2008-07-02,3,2,1
2008-07-03,3,3,0
2008-07-07,3,2,1
2008-07-08,1,1,0
2008-07-09,2,1,1
2008-07-10,1,1,0
2008-07-12,1,1,0
2008-07-13,1,1,0
2008-07-14,4,3,1
2008-07-15,3,2,1
2008-07-16,2,1,1
2008-07-17,5,4,1
2008-07-18,3,3,0
2008-07-19,1,1,0
2008-07-21,2,2,0
2008-07-22,2,2,0
2008-07-23,2,2,0
2008-07-24,6,6,0
2008-07-25,3,3,0
2008-07-28,2,2,0
2008-08-01,4,3,1
2008-08-02,1,1,0
2008-08-04,4,3,1
2008-08-05,1,1,0
2008-08-06,7,5,2
2008-08-07,5,4,1
2008-08-08,3,2,1
2008-08-10,2,2,0
2008-08-11,2,2,0
2008-08-12,2,2,0
2008-08-14,2,2,0
2008-08-15,1,1,0
2008-08-18,2,1,1
2008-08-19,1,1,0
2008-08-20,2,1,1
2008-08-21,3,2,1
2008-08-23,1,1,0
2008-08-25,1,1,0
2008-08-27,3,3,0
2008-08-29,1,0,1
2008-08-30,1,0,1
2008-08-31,1,1,0
2008-09-01,1,1,0
2008-09-03,7,5,2
2008-09-04,4,4,0
2008-09-05,2,2,0
2008-09-07,1,1,0
2008-09-08,2,2,0
2008-09-09,7,5,2
2008-09-10,2,2,0
2008-09-11,4,4,0
2008-09-12,1,1,0
2008-09-13,1,1,0
2008-09-16,1,1,0
2008-09-17,4,3,1
2008-09-18,1,1,0
2008-09-19,2,2,0
2008-09-22,1,1,0
2008-09-23,3,3,0
2008-09-24,3,2,1
2008-09-25,3,1,2
2008-10-01,2,2,0
2008-10-02,1,1,0
2008-10-03,2,2,0
2008-10-06,2,0,2
2008-10-07,1,1,0
2008-10-08,1,1,0
2008-10-09,2,2,0
2008-10-10,2,2,0
2008-10-12,1,1,0
2008-10-13,1,1,0
2008-10-14,2,2,0
2008-10-15,2,2,0
2008-10-16,2,1,1
2008-10-20,5,4,1
2008-10-21,3,2,1
2008-10-23,5,4,1
2008-10-24,2,2,0
2008-10-27,5,4,1
2008-10-28,2,2,0
2008-10-29,3,2,1
2008-10-30,2,1,1
2008-10-31,2,1,1
2008-11-03,4,3,1
2008-11-04,1,0,1
2008-11-05,8,6,2
2008-11-06,4,3,1
2008-11-07,5,5,0
2008-11-10,2,2,0
2008-11-11,1,1,0
2008-11-12,2,2,0
2008-11-13,4,4,0
2008-11-14,3,3,0
2008-11-18,5,4,1
2008-11-19,4,3,1
2008-11-20,2,2,0
2008-11-25,1,1,0
2008-11-26,3,3,0
2008-11-27,1,0,1
2008-12-01,5,3,2
2008-12-02,4,4,0
2008-12-03,3,3,0
2008-12-04,1,1,0
2008-12-05,5,4,1
2008-12-06,1,1,0
2008-12-08,2,2,0
2008-12-10,2,1,1
2008-12-11,3,3,0
2008-12-12,1,0,1
2008-12-17,3,2,1
2008-12-18,1,1,0
2008-12-19,1,1,0
2008-12-22,1,1,0
2008-12-23,3,3,0
2008-12-24,5,4,1
2008-12-28,2,2,0
2008-12-30,2,1,1
2008-12-31,5,5,0
2009-01-01,1,1,0
2009-01-02,1,1,0
2009-01-05,1,0,1
2009-01-06,1,0,1
2009-01-07,2,2,0
2009-01-08,5,5,0
2009-01-09,2,2,0
2009-01-12,2,2,0
2009-01-13,1,0,1
2009-01-14,1,1,0
2009-01-15,3,1,2
2009-01-16,4,4,0
2009-01-17,1,1,0
2009-01-19,1,1,0
2009-01-20,1,1,0
2009-01-21,3,2,1
2009-01-22,7,6,1
2009-01-23,4,4,0
2009-01-26,1,1,0
2009-01-27,3,3,0
2009-01-28,4,3,1
2009-01-29,1,1,0
2009-02-02,1,1,0
2009-02-03,2,2,0
2009-02-04,2,2,0
2009-02-05,5,3,2
2009-02-06,1,1,0
2009-02-09,1,1,0
2009-02-10,1,1,0
2009-02-11,2,2,0
2009-02-12,2,1,1
2009-02-13,2,2,0
2009-02-16,3,3,0
2009-02-17,4,3,1
2009-02-18,2,2,0
2009-02-19,3,3,0
2009-02-20,2,2,0
2009-02-23,3,2,1
2009-02-24,3,2,1
2009-02-25,6,5,1
2009-02-26,3,3,0
2009-02-27,2,2,0
2009-03-02,5,5,0
2009-03-03,2,2,0
2009-03-04,4,3,1
2009-03-06,2,2,0
2009-03-09,2,2,0
2009-03-10,1,1,0
2009-03-11,1,1,0
2009-03-12,2,2,0
2009-03-13,1,1,0
2009-03-16,1,1,0
2009-03-17,3,2,1
2009-03-18,4,4,0
2009-03-19,2,1,1
2009-03-20,3,2,1
2009-03-22,1,0,1
2009-03-23,3,3,0
2009-03-24,1,1,0
2009-03-25,3,3,0
2009-03-26,1,1,0
2009-03-27,1,0,1
2009-03-29,1,1,0
2009-03-30,2,2,0
2009-03-31,4,4,0
2009-04-01,2,1,1
2009-04-02,2,2,0
2009-04-04,2,1,1
2009-04-05,1,1,0
2009-04-06,3,1,2
2009-04-07,2,2,0
2009-04-08,1,0,1
2009-04-09,1,1,0
2009-04-10,2,0,2
2009-04-11,1,1,0
2009-04-12,1,1,0
2009-04-14,1,1,0
2009-04-15,2,0,2
2009-04-16,2,2,0
2009-04-17,2,1,1
2009-04-20,2,0,2
2009-04-21,2,1,1
2009-04-22,2,2,0
2009-04-23,1,1,0
2009-04-24,3,3,0
2009-04-25,1,1,0
2009-04-27,4,3,1
2009-04-28,3,3,0
2009-04-29,2,2,0
2009-04-30,5,5,0
2009-05-01,1,1,0
2009-05-04,1,1,0
2009-05-05,1,1,0
2009-05-06,2,2,0
2009-05-07,2,1,1
2009-05-08,1,1,0
2009-05-11,4,4,0
2009-05-12,2,1,1
2009-05-13,4,4,0
2009-05-15,2,2,0
2009-05-18,3,0,3
2009-05-19,2,2,0
2009-05-20,1,1,0
2009-05-21,3,3,0
2009-05-22,1,0,1
2009-05-25,1,1,0
2009-05-26,4,4,0
2009-05-27,6,5,1
2009-05-28,7,5,2
2009-05-29,2,2,0
2009-06-01,3,2,1
2009-06-02,4,3,1
2009-06-03,5,4,1
2009-06-04,3,2,1
2009-06-05,4,4,0
2009-06-07,1,1,0
2009-06-08,1,0,1
2009-06-09,2,2,0
2009-06-11,1,0,1
2009-06-12,3,3,0
2009-06-15,1,1,0
2009-06-16,2,1,1
2009-06-17,2,1,1
2009-06-18,2,1,1
2009-06-23,2,0,2
2009-06-24,3,3,0
2009-06-25,2,2,0
2009-06-26,3,3,0
2009-06-28,1,0,1
2009-06-29,2,2,0
2009-06-30,3,1,2
2009-07-01,3,3,0
2009-07-04,1,1,0
2009-07-06,2,2,0
2009-07-07,1,1,0
2009-07-08,4,3,1
2009-07-09,4,4,0
2009-07-10,1,1,0
2009-07-13,3,2,1
2009-07-14,4,3,1
2009-07-15,2,2,0
2009-07-17,2,2,0
2009-07-18,1,1,0
2009-07-20,1,1,0
2009-07-21,1,1,0
2009-07-22,3,2,1
2009-07-23,1,1,0
2009-07-24,3,2,1
2009-07-29,7,7,0
2009-07-30,5,3,2
2009-07-31,1,1,0
2009-08-03,5,5,0
2009-08-05,2,2,0
2009-08-06,1,0,1
2009-08-07,3,2,1
2009-08-09,1,1,0
2009-08-10,3,3,0
2009-08-11,3,3,0
2009-08-12,3,3,0
2009-08-13,2,2,0
2009-08-14,2,2,0
2009-08-16,1,1,0
2009-08-17,6,4,2
2009-08-18,1,0,1
2009-08-19,1,0,1
2009-08-20,2,2,0
2009-08-21,1,1,0
2009-08-24,3,3,0
2009-08-26,6,4,2
2009-08-28,1,1,0
2009-08-31,3,2,1
2009-09-01,1,0,1
2009-09-02,5,4,1
2009-09-03,1,1,0
2009-09-04,5,3,2
2009-09-07,1,1,0
2009-09-08,4,4,0
2009-09-09,1,0,1
2009-09-10,3,3,0
2009-09-11,3,3,0
2009-09-12,1,1,0
2009-09-14,3,3,0
2009-09-15,1,0,1
2009-09-16,3,2,1
2009-09-17,1,0,1
2009-09-18,2,1,1
2009-09-21,1,1,0
2009-09-22,1,1,0
2009-09-23,4,4,0
2009-09-24,1,1,0
2009-09-25,1,1,0
2009-09-27,1,0,1
2009-09-28,1,0,1
2009-09-29,3,2,1
2009-09-30,2,2,0
2009-10-01,2,2,0
2009-10-02,1,1,0
2009-10-05,4,2,2
2009-10-06,4,4,0
2009-10-07,2,2,0
2009-10-08,1,1,0
2009-10-09,1,1,0
2009-10-11,2,2,0
2009-10-12,1,1,0
2009-10-13,3,2,1
2009-10-14,2,2,0
2009-10-16,1,1,0
2009-10-18,2,1,1
2009-10-19,2,1,1
2009-10-20,2,2,0
2009-10-21,7,6,1
2009-10-22,2,2,0
2009-10-23,3,3,0
2009-10-25,1,1,0
2009-10-26,2,1,1
2009-10-28,4,4,0
2009-10-29,1,1,0
2009-11-02,2,2,0
2009-11-03,1,1,0
2009-11-04,1,1,0
2009-11-05,4,4,0
2009-11-06,2,2,0
2009-11-09,3,2,1
2009-11-10,5,4,1
2009-11-11,2,2,0
2009-11-12,2,2,0
2009-11-13,1,0,1
2009-11-16,1,1,0
2009-11-17,4,2,2
2009-11-18,3,3,0
2009-11-19,1,1,0
2009-11-20,2,2,0
2009-11-21,1,1,0
2009-11-23,5,3,2
2009-11-24,1,1,0
2009-11-25,3,2,1
2009-11-27,1,1,0
2009-11-29,1,1,0
2009-11-30,4,2,2
2009-12-01,2,2,0
2009-12-02,3,3,0
2009-12-03,3,3,0
2009-12-04,2,1,1
2009-12-07,3,2,1
2009-12-08,2,2,0
2009-12-09,1,1,0
2009-12-10,3,2,1
2009-12-11,1,0,1
2009-12-14,3,2,1
2009-12-15,4,3,1
2009-12-16,4,3,1
2009-12-17,1,1,0
2009-12-18,2,2,0
2009-12-21,5,4,1
2009-12-22,2,1,1
2009-12-23,4,4,0
2009-12-26,1,1,0
2009-12-28,1,1,0
2009-12-31,3,3,0
2010-01-04,1,1,0
2010-01-05,6,4,2
2010-01-06,2,2,0
2010-01-07,3,1,2
2010-01-08,1,1,0
2010-01-09,1,1,0
2010-01-11,1,1,0
2010-01-12,1,1,0
2010-01-13,6,5,1
2010-01-14,4,4,0
2010-01-15,1,0,1
2010-01-18,1,1,0
2010-01-19,2,1,1
2010-01-20,4,4,0
2010-01-21,1,1,0
2010-01-22,1,1,0
2010-01-25,5,4,1
2010-01-26,1,1,0
2010-01-27,5,4,1
2010-01-28,1,1,0
2010-01-29,2,2,0
2010-02-02,5,4,1
2010-02-03,2,1,1
2010-02-04,2,1,1
2010-02-05,3,3,0
2010-02-08,2,2,0
2010-02-09,1,1,0
2010-02-10,4,3,1
2010-02-11,2,1,1
2010-02-12,2,2,0
2010-02-15,4,3,1
2010-02-16,2,2,0
2010-02-17,3,3,0
2010-02-18,5,4,1
2010-02-19,2,2,0
2010-02-21,1,1,0
2010-02-22,1,1,0
2010-02-24,7,6,1
2010-02-25,2,1,1
2010-03-01,7,5,2
2010-03-02,4,2,2
2010-03-03,2,1,1
2010-03-04,3,2,1
2010-03-06,1,1,0
2010-03-07,1,1,0
2010-03-09,2,2,0
2010-03-10,3,3,0
2010-03-11,4,3,1
2010-03-12,1,1,0
2010-03-15,1,1,0
2010-03-17,2,2,0
2010-03-18,2,1,1
2010-03-19,1,1,0
2010-03-21,1,1,0
2010-03-22,2,2,0
2010-03-23,3,2,1
2010-03-24,2,2,0
2010-03-25,3,2,1
2010-03-29,3,2,1
2010-03-30,1,1,0
2010-03-31,1,1,0
2010-04-01,2,2,0
2010-04-03,1,1,0
2010-04-05,1,1,0
2010-04-06,1,1,0
2010-04-07,1,1,0
2010-04-08,1,0,1
2010-04-09,2,1,1
2010-04-12,8,4,4
2010-04-13,4,4,0
2010-04-14,3,3,0
2010-04-15,3,3,0
2010-04-16,1,1,0
2010-04-18,2,1,1
2010-04-19,5,5,0
2010-04-20,1,1,0
2010-04-21,3,3,0
2010-04-22,2,2,0
2010-04-23,2,1,1
2010-04-26,2,2,0
2010-04-28,2,1,1
2010-04-30,3,0,3
2010-05-03,1,1,0
2010-05-05,3,2,1
2010-05-06,1,1,0
2010-05-07,1,1,0
2010-05-10,1,1,0
2010-05-11,1,1,0
2010-05-12,3,2,1
2010-05-13,2,2,0
2010-05-14,3,2,1
2010-05-17,1,1,0
2010-05-18,2,1,1
2010-05-19,9,7,2
2010-05-20,4,4,0
2010-05-21,1,1,0
2010-05-24,3,3,0
2010-05-25,4,4,0
2010-05-26,3,2,1
2010-05-27,5,5,0
2010-05-28,1,1,0
2010-05-31,1,0,1
2010-06-01,1,1,0
2010-06-02,3,3,0
2010-06-03,2,2,0
2010-06-04,1,1,0
2010-06-05,1,0,1
2010-06-08,1,1,0
2010-06-09,2,1,1
2010-06-10,6,6,0
2010-06-11,1,1,0
2010-06-14,2,2,0
2010-06-15,5,4,1
2010-06-16,6,5,1
2010-06-21,4,3,1
2010-06-22,2,2,0
2010-06-23,3,2,1
2010-06-24,3,2,1
2010-06-25,2,1,1
2010-06-28,1,1,0
2010-06-29,2,2,0
2010-06-30,2,2,0
2010-07-01,3,3,0
2010-07-02,2,2,0
2010-07-05,1,1,0
2010-07-06,1,1,0
2010-07-07,1,1,0
2010-07-08,2,2,0
2010-07-09,4,3,1
2010-07-12,3,1,2
2010-07-14,2,1,1
2010-07-15,3,2,1
2010-07-16,2,2,0
2010-07-18,1,1,0
2010-07-19,4,3,1
2010-07-20,3,2,1
2010-07-21,3,3,0
2010-07-22,4,3,1
2010-07-23,1,0,1
2010-07-25,1,0,1
2010-07-26,3,1,2
2010-07-27,2,1,1
2010-07-28,1,1,0
2010-07-29,1,1,0
2010-07-30,2,1,1
2010-08-01,2,2,0
2010-08-02,3,3,0
2010-08-04,6,5,1
2010-08-05,2,2,0
2010-08-09,3,3,0
2010-08-10,2,1,1
2010-08-11,1,1,0
2010-08-12,3,3,0
2010-08-13,2,1,1
2010-08-14,1,1,0
2010-08-15,1,1,0
2010-08-16,4,2,2
2010-08-18,2,2,0
2010-08-19,2,2,0
2010-08-20,2,2,0
2010-08-25,3,3,0
2010-08-26,2,1,1
2010-08-27,2,2,0
2010-08-30,6,5,1
2010-08-31,1,1,0
2010-09-01,3,2,1
2010-09-03,3,2,1
2010-09-04,1,1,0
2010-09-08,2,2,0
2010-09-09,3,2,1
2010-09-10,2,2,0
2010-09-11,1,0,1
2010-09-13,5,3,2
2010-09-17,2,2,0
2010-09-18,1,0,1
2010-09-19,1,1,0
2010-09-20,3,2,1
2010-09-21,3,2,1
2010-09-22,4,3,1
2010-09-23,5,3,2
2010-09-24,2,2,0
2010-09-25,1,1,0
2010-09-28,3,3,0
2010-09-29,3,0,3
2010-09-30,2,2,0
2010-10-01,3,3,0
2010-10-02,1,1,0
2010-10-04,6,4,2
2010-10-06,2,2,0
2010-10-07,2,2,0
2010-10-08,2,2,0
2010-10-10,2,1,1
2010-10-11,3,2,1
2010-10-12,1,1,0
2010-10-13,1,0,1
2010-10-14,5,5,0
2010-10-18,5,4,1
2010-10-19,3,3,0
2010-10-20,1,1,0
2010-10-21,1,1,0
2010-10-22,2,2,0
2010-10-23,1,1,0
2010-10-24,1,1,0
2010-10-25,2,1,1
2010-10-27,3,3,0
2010-10-28,1,1,0
2010-10-29,2,1,1
2010-11-01,3,3,0
2010-11-03,2,2,0
2010-11-04,2,2,0
2010-11-05,1,1,0
2010-11-07,1,1,0
2010-11-08,3,2,1
2010-11-10,5,3,2
2010-11-11,2,1,1
2010-11-12,2,1,1
2010-11-15,2,2,0
2010-11-17,1,1,0
2010-11-19,1,1,0
2010-11-22,2,1,1
2010-11-24,2,1,1
2010-11-25,2,2,0
2010-11-29,1,1,0
2010-11-30,1,1,0
2010-12-01,3,3,0
2010-12-02,2,2,0
2010-12-03,1,1,0
2010-12-06,1,1,0
2010-12-08,3,2,1
2010-12-13,2,2,0
2010-12-15,1,1,0
2010-12-17,1,0,1
2010-12-20,1,1,0
2010-12-21,1,1,0
2010-12-22,2,0,2
2010-12-23,1,1,0
2010-12-27,2,2,0
2010-12-29,3,2,1
2010-12-31,1,1,0
2011-01-03,2,2,0
2011-01-04,2,1,1
2011-01-05,1,1,0
2011-01-07,1,1,0
2011-01-08,1,0,1
2011-01-10,1,0,1
2011-01-12,1,1,0
2011-01-13,2,2,0
2011-01-14,1,1,0
2011-01-15,1,1,0
2011-01-17,1,1,0
2011-01-18,1,1,0
2011-01-19,2,1,1
2011-01-20,1,0,1
2011-01-21,1,1,0
2011-01-24,1,1,0
2011-01-25,1,1,0
2011-01-26,2,2,0
2011-01-27,2,2,0
2011-01-28,1,1,0
2011-01-31,1,1,0
2011-02-03,1,1,0
2011-02-08,1,1,0
2011-02-09,1,1,0
2011-02-10,2,1,1
2011-02-11,1,1,0
2011-02-14,2,2,0
2011-02-15,1,1,0
2011-02-16,1,0,1
2011-02-17,1,0,1
2011-02-18,1,1,0
2011-02-21,3,2,1
2011-02-22,1,1,0
2011-02-23,3,1,2
2011-02-24,1,1,0
2011-02-26,1,0,1
2011-02-28,2,2,0
2011-03-01,1,1,0
2011-03-02,3,2,1
2011-03-07,1,0,1
2011-03-09,3,2,1
2011-03-10,2,2,0
2011-03-12,1,1,0
2011-03-14,1,1,0
2011-03-16,1,1,0
2011-03-17,1,0,1
2011-03-21,2,2,0
2011-03-22,2,2,0
2011-03-23,2,1,1
2011-03-24,2,1,1
2011-03-27,1,1,0
2011-03-28,1,1,0
2011-03-29,2,1,1
2011-03-30,3,2,1
2011-03-31,3,3,0
2011-04-04,2,1,1
2011-04-05,3,2,1
2011-04-06,1,1,0
2011-04-08,1,1,0
2011-04-11,2,2,0
2011-04-15,2,2,0
2011-04-17,1,1,0
2011-04-18,4,4,0
2011-04-19,1,1,0
2011-04-21,1,0,1
2011-04-25,2,2,0
2011-04-26,1,1,0
2011-04-27,4,3,1
2011-04-28,1,1,0
2011-04-29,2,0,2
2011-05-02,1,0,1
2011-05-03,1,1,0
2011-05-04,1,1,0
2011-05-06,1,1,0
2011-05-08,3,3,0
2011-05-09,1,1,0
2011-05-10,2,1,1
2011-05-11,3,2,1
2011-05-12,1,1,0
2011-05-14,1,1,0
2011-05-15,3,3,0
2011-05-18,1,1,0
2011-05-19,2,1,1
2011-05-20,1,1,0
2011-05-22,1,1,0
2011-05-23,2,2,0
2011-05-24,2,2,0
2011-05-26,2,2,0
2011-05-28,1,1,0
2011-05-29,1,1,0
2011-05-30,1,1,0
2011-05-31,1,1,0
2011-06-01,1,1,0
2011-06-04,1,1,0
2011-06-05,2,1,1
2011-06-06,1,1,0
2011-06-07,1,1,0
2011-06-08,4,4,0
2011-06-09,4,3,1
2011-06-13,1,1,0
2011-06-14,1,1,0
2011-06-15,1,1,0
2011-06-17,2,2,0
2011-06-20,2,1,1
2011-06-21,2,2,0
2011-06-22,2,1,1
2011-06-23,2,2,0
2011-06-24,1,1,0
2011-06-26,1,1,0
2011-06-27,2,2,0
2011-06-28,2,2,0
2011-06-30,1,1,0
2011-07-01,2,2,0
2011-07-04,1,1,0
2011-07-05,1,1,0
2011-07-06,3,3,0
2011-07-07,1,1,0
2011-07-08,2,2,0
2011-07-11,1,1,0
2011-07-13,2,0,2
2011-07-14,2,2,0
2011-07-18,2,1,1
2011-07-19,1,1,0
2011-07-20,3,3,0
2011-07-21,2,2,0
2011-07-23,2,1,1
2011-07-24,1,1,0
2011-07-25,4,4,0
2011-07-27,1,1,0
2011-07-28,1,0,1
2011-07-29,1,1,0
2011-07-31,1,0,1
2011-08-01,1,1,0
2011-08-03,1,1,0
2011-08-04,1,1,0
2011-08-05,1,1,0
2011-08-10,2,2,0
2011-08-15,1,0,1
2011-08-16,1,0,1
2011-08-17,4,4,0
2011-08-21,1,0,1
2011-08-22,3,3,0
2011-08-23,2,2,0
2011-08-24,2,2,0
2011-08-25,3,2,1
2011-08-26,1,1,0
2011-08-29,1,1,0
2011-09-01,2,0,2
2011-09-06,1,1,0
2011-09-07,1,1,0
2011-09-12,1,1,0
2011-09-13,1,1,0
2011-09-15,2,1,1
2011-09-19,1,1,0
2011-09-21,1,1,0
2011-09-22,1,1,0
2011-09-23,2,2,0
2011-09-26,1,0,1
2011-09-28,1,1,0
2011-09-29,2,2,0
2011-10-03,1,1,0
2011-10-06,3,1,2
2011-10-07,6,5,1
2011-10-09,1,1,0
2011-10-10,1,1,0
2011-10-11,1,0,1
2011-10-17,1,1,0
2011-10-18,1,0,1
2011-10-20,5,4,1
2011-10-21,2,1,1
2011-10-22,1,0,1
2011-10-24,2,2,0
2011-10-25,2,2,0
2011-10-26,3,2,1
2011-10-27,1,1,0
2011-10-28,2,2,0
2011-10-30,1,1,0
2011-11-02,1,1,0
2011-11-03,1,0,1
2011-11-04,1,1,0
2011-11-05,1,1,0
2011-11-09,1,0,1
2011-11-14,1,1,0
2011-11-15,4,2,2
2011-11-18,1,1,0
2011-11-21,2,2,0
2011-11-22,1,1,0
2011-11-25,1,1,0
2011-11-28,2,2,0
2011-11-29,4,3,1
2011-12-02,1,1,0
2011-12-05,2,2,0
2011-12-06,2,2,0
2011-12-07,1,1,0
2011-12-08,1,0,1
2011-12-09,1,1,0
2011-12-12,2,2,0
2011-12-13,1,1,0
2011-12-14,4,1,3
2011-12-15,1,0,1
2011-12-19,1,1,0
2011-12-21,1,0,1
2011-12-22,2,2,0
2011-12-24,1,1,0
2011-12-28,1,1,0
2011-12-30,1,1,0
2012-01-01,1,1,0
2012-01-04,1,1,0
2012-01-08,2,2,0
2012-01-11,1,1,0
2012-01-12,2,2,0
2012-01-15,1,1,0
2012-01-17,2,2,0
2012-01-18,3,2,1
2012-01-19,1,1,0
2012-01-21,1,0,1
2012-01-24,2,2,0
2012-01-25,1,0,1
2012-01-26,1,1,0
2012-01-29,1,1,0
2012-01-30,1,1,0
2012-02-02,1,1,0
2012-02-03,1,0,1
2012-02-07,1,1,0
2012-02-08,2,2,0
2012-02-12,1,1,0
2012-02-13,2,2,0
2012-02-17,1,1,0
2012-02-20,1,1,0
2012-02-22,2,2,0
2012-02-23,1,1,0
2012-02-24,1,1,0
2012-02-27,3,3,0
2012-03-01,2,2,0
2012-03-02,1,1,0
2012-03-04,1,1,0
2012-03-05,2,2,0
2012-03-06,1,1,0
2012-03-07,2,2,0
2012-03-12,1,1,0
2012-03-13,1,0,1
2012-03-18,1,0,1
2012-03-19,2,1,1
2012-03-20,2,2,0
2012-03-22,1,0,1
2012-03-24,1,1,0
2012-03-26,3,3,0
2012-03-27,1,1,0
2012-03-28,2,1,1
2012-03-29,1,0,1
2012-03-30,3,2,1
2012-04-03,1,1,0
2012-04-04,2,2,0
2012-04-05,1,1,0
2012-04-08,2,2,0
2012-04-09,1,1,0
2012-04-10,2,1,1
2012-04-11,3,1,2
2012-04-12,1,1,0
2012-04-15,1,1,0
2012-04-17,1,1,0
2012-04-18,1,1,0
2012-04-19,2,2,0
2012-04-20,1,1,0
2012-04-22,1,1,0
2012-04-24,3,2,1
2012-04-26,1,1,0
2012-04-27,1,1,0
2012-04-28,3,2,1
2012-04-30,2,1,1
2012-05-01,1,1,0
2012-05-02,2,2,0
2012-05-04,1,0,1
2012-05-07,1,1,0
2012-05-09,1,0,1
2012-05-10,1,1,0
2012-05-11,1,1,0
2012-05-13,3,3,0
2012-05-16,1,1,0
2012-05-18,1,1,0
2012-05-19,1,1,0
2012-05-21,1,1,0
2012-05-23,5,3,2
2012-05-25,1,0,1
2012-05-26,1,1,0
2012-05-28,1,1,0
2012-05-29,2,1,1
2012-05-30,4,3,1
2012-06-03,1,1,0
2012-06-06,4,3,1
2012-06-10,1,1,0
2012-06-14,1,1,0
2012-06-15,1,1,0
2012-06-18,3,3,0
2012-06-19,3,3,0
2012-06-20,1,1,0
2012-06-22,1,1,0
2012-06-24,1,1,0
2012-06-25,2,2,0
2012-06-26,2,2,0
2012-06-27,1,1,0
2012-06-28,2,1,1
2012-07-01,2,2,0
2012-07-02,3,3,0
2012-07-06,1,1,0
2012-07-08,1,1,0
2012-07-09,1,1,0
2012-07-10,1,1,0
2012-07-11,2,2,0
2012-07-12,1,1,0
2012-07-15,1,1,0
2012-07-16,5,4,1
2012-07-17,4,3,1
2012-07-19,4,2,2
2012-07-23,3,2,1
2012-07-24,2,2,0
2012-07-25,2,2,0
2012-07-28,1,0,1
2012-08-04,1,1,0
2012-08-08,2,2,0
2012-08-09,1,1,0
2012-08-10,1,1,0
2012-08-13,1,1,0
2012-08-15,2,2,0
2012-08-17,1,1,0
2012-08-20,1,1,0
2012-08-22,1,0,1
2012-08-25,1,1,0
2012-08-27,1,1,0
2012-08-28,2,2,0
2012-08-29,2,0,2
2012-09-02,2,2,0
2012-09-03,1,1,0
2012-09-04,1,1,0
2012-09-05,1,1,0
2012-09-06,2,2,0
2012-09-07,1,1,0
2012-09-09,1,0,1
2012-09-10,1,1,0
2012-09-16,2,2,0
2012-09-17,1,1,0
2012-09-21,1,1,0
2012-09-24,3,2,1
2012-09-25,1,1,0
2012-09-26,1,1,0
2012-09-27,1,1,0
2012-09-29,1,1,0
2012-09-30,1,0,1
2012-10-02,2,0,2
2012-10-03,2,2,0
2012-10-04,1,0,1
2012-10-05,2,1,1
2012-10-07,1,1,0
2012-10-08,2,2,0
2012-10-10,1,1,0
2012-10-11,1,1,0
2012-10-12,1,1,0
2012-10-14,2,1,1
2012-10-15,2,2,0
2012-10-16,2,2,0
2012-10-18,3,3,0
2012-10-19,3,3,0
2012-10-20,1,1,0
2012-10-21,3,3,0
2012-10-22,2,1,1
2012-10-23,3,3,0
2012-10-24,5,3,2
2012-10-25,3,2,1
2012-10-28,2,1,1
2012-10-29,1,1,0
2012-10-30,2,0,2
2012-10-31,2,2,0
2012-11-01,1,1,0
2012-11-04,1,1,0
2012-11-05,1,1,0
2012-11-07,2,2,0
2012-11-12,1,1,0
2012-11-14,1,1,0
2012-11-18,3,2,1
2012-11-19,1,1,0
2012-11-20,2,2,0
2012-11-21,1,1,0
2012-11-22,2,2,0
2012-11-28,2,2,0
2012-12-05,4,4,0
2012-12-09,2,2,0
2012-12-10,2,2,0
2012-12-12,1,0,1
2012-12-13,1,1,0
2012-12-15,2,2,0
2012-12-16,1,0,1
2012-12-17,1,1,0
2012-12-20,4,3,1
2012-12-23,1,1,0
2012-12-25,1,1,0
2012-12-27,1,1,0
2012-12-31,1,1,0
2013-01-01,1,1,0
2013-01-02,1,1,0
2013-01-03,1,1,0
2013-01-04,4,4,0
2013-01-07,2,2,0
2013-01-09,1,1,0
2013-01-10,1,1,0
2013-01-13,2,1,1
2013-01-14,1,1,0
2013-01-16,3,2,1
2013-01-17,1,1,0
2013-01-18,1,1,0
2013-01-21,2,2,0
2013-01-22,1,0,1
2013-01-23,1,1,0
2013-01-24,3,2,1
2013-01-25,1,0,1
2013-01-28,1,0,1
2013-01-29,1,1,0
2013-01-30,1,1,0
2013-02-01,1,1,0
2013-02-02,1,1,0
2013-02-04,2,1,1
2013-02-05,2,2,0
2013-02-06,1,1,0
2013-02-08,2,2,0
2013-02-11,2,1,1
2013-02-12,3,3,0
2013-02-13,2,2,0
2013-02-15,1,0,1
2013-02-18,1,1,0
2013-02-21,1,1,0
2013-02-23,1,1,0
2013-02-24,2,2,0
2013-02-25,3,3,0
2013-02-27,1,1,0
2013-02-28,1,1,0
2013-03-03,1,1,0
2013-03-05,3,3,0
2013-03-06,3,3,0
2013-03-07,1,1,0
2013-03-12,1,1,0
2013-03-13,1,1,0
2013-03-14,2,1,1
2013-03-18,1,0,1
2013-03-19,2,2,0
2013-03-21,3,1,2
2013-03-26,1,1,0
2013-03-31,1,1,0
2013-04-02,1,1,0
2013-04-03,1,1,0
2013-04-04,1,1,0
2013-04-07,1,1,0
2013-04-08,1,1,0
2013-04-09,1,0,1
2013-04-10,1,1,0
2013-04-12,1,0,1
2013-04-14,2,2,0
2013-04-15,1,1,0
2013-04-17,3,3,0
2013-04-18,2,2,0
2013-04-24,1,1,0
2013-04-25,2,2,0
2013-04-29,1,1,0
2013-05-01,1,1,0
2013-05-02,1,1,0
2013-05-06,1,0,1
2013-05-08,1,1,0
2013-05-09,1,1,0
2013-05-10,1,1,0
2013-05-12,1,1,0
2013-05-16,1,1,0
2013-05-17,2,2,0
2013-05-19,2,2,0
2013-05-20,2,2,0
2013-05-21,1,0,1
2013-05-22,3,3,0
2013-05-23,4,3,1
2013-05-28,2,2,0
2013-05-29,1,0,1
2013-05-30,2,1,1
2013-05-31,1,1,0
2013-06-03,1,1,0
2013-06-04,1,1,0
2013-06-05,1,1,0
2013-06-08,1,1,0
2013-06-10,2,2,0
2013-06-11,2,2,0
2013-06-12,1,1,0
2013-06-13,1,1,0
2013-06-14,1,1,0
2013-06-17,1,1,0
2013-06-18,1,1,0
2013-06-19,2,1,1
2013-06-20,1,1,0
2013-06-23,1,1,0
2013-06-26,2,2,0
2013-06-28,1,1,0
2013-07-01,1,1,0
2013-07-03,2,1,1
2013-07-05,1,1,0
2013-07-08,1,1,0
2013-07-10,2,2,0
2013-07-11,3,2,1
2013-07-12,1,0,1
2013-07-14,2,2,0
2013-07-15,1,0,1
2013-07-16,4,4,0
2013-07-17,2,1,1
2013-07-18,2,0,2
2013-07-23,1,1,0
2013-07-24,1,1,0
2013-07-25,1,1,0
2013-07-26,1,1,0
2013-07-28,1,1,0
2013-07-29,1,1,0
2013-07-31,1,1,0
2013-08-02,1,0,1
2013-08-05,1,1,0
2013-08-07,2,2,0
2013-08-09,1,0,1
2013-08-11,2,2,0
2013-08-14,2,1,1
2013-08-21,3,2,1
2013-08-22,2,2,0
2013-08-23,3,3,0
2013-08-24,1,1,0
2013-08-26,1,1,0
2013-08-27,1,0,1
2013-08-28,1,1,0
2013-09-03,3,3,0
2013-09-04,5,5,0
2013-09-08,1,1,0
2013-09-09,3,3,0
2013-09-11,1,0,1
2013-09-12,1,0,1
2013-09-13,1,0,1
2013-09-16,1,1,0
2013-09-17,1,1,0
2013-09-19,2,1,1
2013-09-23,2,2,0
2013-09-25,1,0,1
2013-09-26,2,1,1
2013-09-27,1,1,0
2013-09-29,2,2,0
2013-09-30,3,3,0
2013-10-01,1,1,0
2013-10-02,1,1,0
2013-10-03,1,1,0
2013-10-06,2,2,0
2013-10-07,2,2,0
2013-10-10,1,1,0
2013-10-11,1,0,1
2013-10-14,3,3,0
2013-10-15,2,2,0
2013-10-16,4,4,0
2013-10-18,2,2,0
2013-10-20,2,1,1
2013-10-21,1,1,0
2013-10-22,3,3,0
2013-10-23,3,3,0
2013-10-24,2,1,1
2013-10-25,1,0,1
2013-10-28,3,2,1
2013-10-29,2,1,1
2013-10-30,2,2,0
2013-10-31,3,3,0
2013-11-01,2,2,0
2013-11-02,1,1,0
2013-11-04,1,1,0
2013-11-05,1,1,0
2013-11-07,2,2,0
2013-11-11,1,1,0
2013-11-12,1,1,0
2013-11-14,1,1,0
2013-11-15,1,0,1
2013-11-18,1,1,0
2013-11-19,1,1,0
2013-11-20,1,1,0
2013-11-21,1,0,1
2013-11-25,1,1,0
2013-11-26,2,2,0
2013-11-27,2,2,0
2013-12-03,1,0,1
2013-12-04,3,2,1
2013-12-05,3,1,2
2013-12-06,1,1,0
2013-12-09,1,1,0
2013-12-11,1,1,0
2013-12-12,1,1,0
2013-12-13,2,2,0
2013-12-16,3,3,0
2013-12-17,2,0,2
2013-12-19,1,1,0
2013-12-20,1,1,0
2013-12-23,1,1,0
2013-12-25,1,0,1
2013-12-27,1,1,0
2014-01-01,1,1,0
2014-01-03,2,2,0
2014-01-06,1,1,0
2014-01-07,1,1,0
2014-01-08,1,1,0
2014-01-10,1,1,0
2014-01-13,1,1,0
2014-01-14,1,0,1
2014-01-15,1,1,0
2014-01-17,2,2,0
2014-01-18,1,1,0
2014-01-19,2,2,0
2014-01-21,1,1,0
2014-01-23,2,2,0
2014-01-24,1,0,1
2014-01-27,2,1,1
2014-01-28,1,1,0
2014-01-29,1,1,0
2014-01-30,1,1,0
2014-01-31,3,2,1
2014-02-03,1,1,0
2014-02-04,2,1,1
2014-02-05,2,2,0
2014-02-06,2,2,0
2014-02-10,1,1,0
2014-02-11,1,0,1
2014-02-12,4,4,0
2014-02-13,1,1,0
2014-02-14,4,3,1
2014-02-15,1,1,0
2014-02-17,1,0,1
2014-02-18,3,3,0
2014-02-19,4,3,1
2014-02-20,1,1,0
2014-02-21,5,4,1
2014-02-23,1,0,1
2014-02-24,7,5,2
2014-02-25,3,3,0
2014-02-26,2,2,0
2014-02-27,1,1,0
2014-02-28,3,3,0
2014-03-03,4,3,1
2014-03-04,4,3,1
2014-03-05,1,1,0
2014-03-06,2,2,0
2014-03-09,1,1,0
2014-03-10,2,2,0
2014-03-11,2,2,0
2014-03-12,3,3,0
2014-03-13,1,1,0
2014-03-14,2,2,0
2014-03-18,1,1,0
2014-03-19,2,0,2
2014-03-20,2,1,1
2014-03-21,5,5,0
2014-03-22,1,1,0
2014-03-24,3,3,0
2014-03-25,4,3,1
2014-03-26,2,2,0
2014-03-27,3,3,0
2014-03-28,4,4,0
2014-03-29,1,1,0
2014-04-01,2,1,1
2014-04-02,4,3,1
2014-04-03,1,0,1
2014-04-04,2,2,0
2014-04-06,1,1,0
2014-04-07,2,2,0
2014-04-08,2,2,0
2014-04-09,3,1,2
2014-04-10,2,1,1
2014-04-11,1,1,0
2014-04-14,2,2,0
2014-04-15,2,2,0
2014-04-16,2,2,0
2014-04-17,2,1,1
2014-04-18,2,2,0
2014-04-21,2,1,1
2014-04-23,3,3,0
2014-04-24,4,4,0
2014-04-26,1,1,0
2014-04-27,1,0,1
2014-04-28,2,2,0
2014-04-29,4,3,1
2014-04-30,3,2,1
2014-05-01,3,3,0
2014-05-02,2,2,0
2014-05-04,1,0,1
2014-05-05,2,1,1
2014-05-06,1,1,0
2014-05-07,2,2,0
2014-05-08,2,2,0
2014-05-09,1,1,0
2014-05-12,2,1,1
2014-05-13,4,2,2
2014-05-16,1,0,1
2014-05-17,1,1,0
2014-05-18,1,1,0
2014-05-19,1,0,1
2014-05-20,2,2,0
2014-05-21,6,6,0
2014-05-22,2,1,1
2014-05-23,2,2,0
2014-05-26,2,2,0
2014-05-27,3,2,1
2014-05-28,4,3,1
2014-05-29,1,1,0
2014-05-30,4,3,1
2014-06-02,1,1,0
2014-06-03,1,1,0
2014-06-05,2,2,0
2014-06-07,1,1,0
2014-06-09,3,3,0
2014-06-10,1,1,0
2014-06-11,13,10,3
2014-06-12,1,0,1
2014-06-13,1,0,1
2014-06-14,1,1,0
2014-06-16,4,3,1
2014-06-17,2,1,1
2014-06-18,3,3,0
2014-06-19,3,3,0
2014-06-20,1,1,0
2014-06-22,1,0,1
2014-06-23,2,1,1
2014-06-24,2,1,1
2014-06-25,4,4,0
2014-06-26,1,1,0
2014-06-30,2,2,0
2014-07-02,2,2,0
2014-07-03,3,3,0
2014-07-06,1,1,0
2014-07-08,2,2,0
2014-07-09,7,5,2
2014-07-10,3,3,0
2014-07-11,2,2,0
2014-07-14,1,0,1
2014-07-15,1,0,1
2014-07-16,3,1,2
2014-07-17,4,3,1
2014-07-18,2,2,0
2014-07-21,2,1,1
2014-07-22,1,1,0
2014-07-23,2,2,0
2014-07-24,2,2,0
2014-07-25,3,3,0
2014-07-28,2,1,1
2014-07-29,1,1,0
2014-07-30,2,1,1
2014-07-31,4,2,2
2014-08-01,2,2,0
2014-08-03,1,0,1
2014-08-04,2,2,0
2014-08-05,3,3,0
2014-08-06,3,1,2
2014-08-07,1,1,0
2014-08-10,3,3,0
2014-08-11,1,1,0
2014-08-12,2,1,1
2014-08-13,4,4,0
2014-08-14,3,3,0
2014-08-15,1,1,0
2014-08-16,1,1,0
2014-08-18,2,2,0
2014-08-19,2,1,1
2014-08-20,7,4,3
2014-08-22,2,1,1
2014-08-25,5,5,0
2014-08-27,3,2,1
2014-08-28,2,2,0
2014-09-03,3,3,0
2014-09-04,4,3,1
2014-09-05,2,0,2
2014-09-08,2,2,0
2014-09-09,4,3,1
2014-09-10,3,1,2
2014-09-11,4,2,2
2014-09-12,1,1,0
2014-09-13,1,1,0
2014-09-15,2,1,1
2014-09-16,1,1,0
2014-09-17,2,2,0
2014-09-18,2,2,0
2014-09-19,3,3,0
2014-09-21,1,1,0
2014-09-22,1,1,0
2014-09-23,2,2,0
2014-09-24,2,1,1
2014-09-26,1,1,0
2014-09-27,1,1,0
2014-09-29,5,4,1
2014-09-30,3,3,0
2014-10-01,1,1,0
2014-10-02,3,3,0
2014-10-03,1,1,0
2014-10-05,1,1,0
2014-10-06,2,2,0
2014-10-07,5,5,0
2014-10-08,1,1,0
2014-10-09,3,1,2
2014-10-10,3,2,1
2014-10-11,1,1,0
2014-10-12,1,1,0
2014-10-14,6,4,2
2014-10-15,1,1,0
2014-10-19,1,1,0
2014-10-20,1,1,0
2014-10-21,3,3,0
2014-10-22,2,2,0
2014-10-23,5,4,1
2014-10-24,2,2,0
2014-10-25,1,1,0
2014-10-27,1,0,1
2014-10-28,1,1,0
2014-10-29,1,1,0
2014-10-30,2,2,0
2014-10-31,1,1,0
2014-11-02,1,1,0
2014-11-03,2,0,2
2014-11-05,2,2,0
2014-11-06,3,3,0
2014-11-07,2,1,1
2014-11-09,1,1,0
2014-11-10,5,4,1
2014-11-11,4,3,1
2014-11-12,1,1,0
2014-11-13,5,2,3
2014-11-14,3,2,1
2014-11-17,3,3,0
2014-11-18,1,1,0
2014-11-19,1,1,0
2014-11-20,3,3,0
2014-11-21,1,1,0
2014-11-23,1,1,0
2014-11-24,2,2,0
2014-11-25,1,1,0
2014-11-27,1,1,0
2014-12-01,2,1,1
2014-12-02,4,4,0
2014-12-03,4,4,0
2014-12-04,4,4,0
2014-12-05,3,3,0
2014-12-08,2,1,1
2014-12-09,2,2,0
2014-12-10,2,2,0
2014-12-11,1,1,0
2014-12-12,2,1,1
2014-12-15,3,3,0
2014-12-16,2,2,0
2014-12-17,3,2,1
2014-12-19,2,2,0
2014-12-23,1,1,0
2014-12-24,5,5,0
2014-12-25,1,1,0
2014-12-26,1,1,0
2014-12-27,2,2,0
2014-12-28,1,1,0
2014-12-29,1,1,0
2014-12-31,2,2,0
2015-01-01,3,2,1
2015-01-02,1,1,0
2015-01-05,1,1,0
2015-01-06,2,1,1
2015-01-11,1,1,0
2015-01-12,4,3,1
2015-01-14,2,1,1
2015-01-15,1,1,0
2015-01-16,3,1,2
2015-01-19,2,1,1
2015-01-20,1,1,0
2015-01-21,2,2,0
2015-01-22,4,3,1
2015-01-23,4,2,2
2015-01-24,1,1,0
2015-01-25,1,1,0
2015-01-26,5,5,0
2015-01-27,2,1,1
2015-01-28,4,3,1
2015-01-29,4,4,0
2015-01-30,2,2,0
2015-02-01,1,1,0
2015-02-02,1,1,0
2015-02-03,3,1,2
2015-02-04,2,1,1
2015-02-06,1,1,0
2015-02-08,1,1,0
2015-02-09,3,2,1
2015-02-10,2,2,0
2015-02-11,4,1,3
2015-02-12,4,2,2
2015-02-13,4,2,2
2015-02-15,1,1,0
2015-02-16,1,0,1
2015-02-17,1,1,0
2015-02-18,3,3,0
2015-02-19,1,1,0
2015-02-22,1,0,1
2015-02-23,1,0,1
2015-02-24,1,1,0
2015-02-25,2,2,0
2015-02-26,2,1,1
2015-02-27,1,0,1
2015-02-28,1,1,0
2015-03-01,2,2,0
2015-03-02,4,4,0
2015-03-04,3,2,1
2015-03-05,4,2,2
2015-03-09,1,1,0
2015-03-11,2,1,1
2015-03-12,1,0,1
2015-03-16,1,1,0
2015-03-17,4,3,1
2015-03-18,2,2,0
2015-03-20,1,1,0
2015-03-23,2,1,1
2015-03-25,1,1,0
2015-03-26,3,3,0
2015-03-27,1,1,0
2015-03-29,1,1,0
2015-03-31,5,4,1
2015-04-01,2,2,0
2015-04-06,1,1,0
2015-04-07,3,3,0
2015-04-08,3,2,1
2015-04-09,2,1,1
2015-04-10,1,1,0
2015-04-12,1,1,0
2015-04-13,2,2,0
2015-04-14,4,4,0
2015-04-15,4,4,0
2015-04-16,3,2,1
2015-04-19,1,1,0
2015-04-20,1,1,0
2015-04-21,1,1,0
2015-04-22,4,4,0
2015-04-23,5,4,1
2015-04-24,2,0,2
2015-04-26,1,1,0
2015-04-27,2,0,2
2015-04-29,5,5,0
2015-04-30,2,2,0
2015-05-01,1,0,1
2015-05-03,1,1,0
2015-05-04,1,1,0
2015-05-05,2,1,1
2015-05-06,4,2,2
2015-05-07,2,1,1
2015-05-08,1,1,0
2015-05-12,4,2,2
2015-05-13,2,1,1
2015-05-19,3,2,1
2015-05-20,2,2,0
2015-05-25,1,1,0
2015-05-26,1,1,0
2015-05-27,2,1,1
2015-05-28,1,0,1
2015-06-01,1,0,1
2015-06-02,1,0,1
2015-06-03,1,1,0
2015-06-04,1,1,0
2015-06-05,1,1,0
2015-06-08,2,2,0
2015-06-09,3,3,0
2015-06-10,4,4,0
2015-06-11,1,1,0
2015-06-12,1,1,0
2015-06-15,1,1,0
2015-06-16,4,3,1
2015-06-17,3,3,0
2015-06-18,3,3,0
2015-06-19,1,1,0
2015-06-21,1,1,0
2015-06-22,4,2,2
2015-06-23,1,1,0
2015-06-24,3,2,1
2015-06-26,1,1,0
2015-06-28,1,1,0
2015-06-29,1,1,0
2015-06-30,2,2,0
2015-07-01,5,5,0
2015-07-02,2,2,0
2015-07-07,3,3,0
2015-07-08,6,5,1
2015-07-12,1,0,1
2015-07-13,5,4,1
2015-07-14,1,1,0
2015-07-15,4,3,1
2015-07-16,1,1,0
2015-07-20,2,0,2
2015-07-21,2,1,1
2015-07-22,1,1,0
2015-07-23,1,1,0
2015-07-24,1,1,0
2015-07-25,1,1,0
2015-07-26,3,2,1
2015-07-28,1,1,0
2015-07-29,2,1,1
2015-07-30,4,3,1
2015-07-31,1,1,0
2015-08-01,1,1,0
2015-08-02,1,1,0
2015-08-03,1,1,0
2015-08-04,1,1,0
2015-08-05,4,3,1
2015-08-06,1,1,0
2015-08-07,2,1,1
2015-08-08,1,0,1
2015-08-09,1,1,0
2015-08-10,2,2,0
2015-08-11,2,2,0
2015-08-12,1,1,0
2015-08-13,3,3,0
2015-08-14,3,2,1
2015-08-15,1,1,0
2015-08-18,4,3,1
2015-08-19,2,2,0
2015-08-20,2,2,0
2015-08-22,1,1,0
2015-08-23,1,0,1
2015-08-24,1,1,0
2015-08-26,5,3,2
2015-08-27,1,1,0
2015-08-28,2,1,1
2015-08-29,1,1,0
2015-08-31,2,1,1
2015-09-01,4,4,0
2015-09-02,4,3,1
2015-09-03,1,1,0
2015-09-04,4,3,1
2015-09-05,1,1,0
2015-09-06,1,1,0
2015-09-07,2,2,0
2015-09-08,2,2,0
2015-09-09,5,3,2
2015-09-10,1,1,0
2015-09-14,1,1,0
2015-09-15,1,1,0
2015-09-16,2,2,0
2015-09-18,1,0,1
2015-09-21,1,1,0
2015-09-22,4,4,0
2015-09-23,1,0,1
2015-09-24,1,1,0
2015-09-25,3,2,1
2015-09-27,2,2,0
2015-09-28,3,2,1
2015-09-30,3,2,1
2015-10-01,1,1,0
2015-10-02,2,2,0
2015-10-05,5,4,1
2015-10-06,3,2,1
2015-10-07,2,0,2
2015-10-08,2,2,0
2015-10-09,2,2,0
2015-10-10,1,1,0
2015-10-12,1,0,1
2015-10-13,3,2,1
2015-10-14,3,1,2
2015-10-15,1,1,0
2015-10-16,2,2,0
2015-10-19,2,2,0
2015-10-20,3,2,1
2015-10-21,1,1,0
2015-10-22,3,3,0
2015-10-23,1,1,0
2015-10-24,1,0,1
2015-10-26,2,2,0
2015-10-27,2,1,1
2015-10-28,1,1,0
2015-10-29,2,2,0
2015-10-30,2,2,0
2015-11-01,1,1,0
2015-11-02,1,1,0
2015-11-03,2,1,1
2015-11-04,3,2,1
2015-11-06,2,2,0
2015-11-08,1,1,0
2015-11-09,1,1,0
2015-11-11,2,2,0
2015-11-12,1,1,0
2015-11-13,1,1,0
2015-11-15,1,0,1
2015-11-16,1,1,0
2015-11-17,3,2,1
2015-11-18,1,0,1
2015-11-19,2,0,2
2015-11-20,3,3,0
2015-11-21,2,1,1
2015-11-23,3,2,1
2015-11-24,1,1,0
2015-11-25,1,1,0
2015-11-27,1,1,0
2015-11-29,1,1,0
2015-11-30,3,3,0
2015-12-01,2,2,0
2015-12-02,1,1,0
2015-12-03,2,2,0
2015-12-04,1,0,1
2015-12-08,5,5,0
2015-12-09,2,2,0
2015-12-10,3,2,1
2015-12-11,1,1,0
2015-12-13,1,1,0
2015-12-14,2,2,0
2015-12-15,2,2,0
2015-12-16,2,0,2
2015-12-18,1,0,1
2015-12-20,1,1,0
2015-12-21,2,2,0
2015-12-23,2,2,0
2015-12-25,1,1,0
2015-12-28,1,1,0
2015-12-29,2,2,0
2015-12-30,1,1,0
2015-12-31,2,2,0
2016-01-01,1,1,0
2016-01-04,2,2,0
2016-01-05,1,1,0
2016-01-06,4,4,0
2016-01-10,1,1,0
2016-01-11,3,2,1
2016-01-12,2,1,1
2016-01-14,2,2,0
2016-01-17,2,2,0
2016-01-19,3,2,1
2016-01-20,1,1,0
2016-01-22,1,1,0
2016-01-24,2,2,0
2016-01-25,1,1,0
2016-01-27,5,5,0
2016-01-28,2,1,1
2016-01-29,4,4,0
2016-01-30,1,0,1
2016-01-31,1,1,0
2016-02-01,3,3,0
2016-02-02,4,4,0
2016-02-03,4,3,1
2016-02-04,1,1,0
2016-02-05,1,0,1
2016-02-09,1,0,1
2016-02-10,3,2,1
2016-02-11,2,1,1
2016-02-12,3,2,1
2016-02-15,1,0,1
2016-02-16,1,0,1
2016-02-17,1,1,0
2016-02-18,4,4,0
2016-02-20,1,1,0
2016-02-21,1,1,0
2016-02-22,2,1,1
2016-02-23,2,2,0
2016-02-24,5,4,1
2016-02-25,2,2,0
2016-02-26,3,3,0
2016-02-27,1,1,0
2016-02-28,1,1,0
2016-02-29,1,1,0
2016-03-01,1,1,0
2016-03-02,3,3,0
2016-03-03,2,1,1
2016-03-04,1,1,0
2016-03-05,1,1,0
2016-03-07,6,6,0
2016-03-08,1,1,0
2016-03-09,1,1,0
2016-03-10,1,1,0
2016-03-11,1,0,1
2016-03-14,2,2,0
2016-03-16,1,1,0
2016-03-17,1,1,0
2016-03-21,1,1,0
2016-03-22,4,4,0
2016-03-23,3,3,0
2016-03-24,5,4,1
2016-03-25,2,1,1
2016-03-27,2,2,0
2016-03-28,3,0,3
2016-03-29,2,1,1
2016-03-30,4,3,1
2016-04-01,2,2,0
2016-04-03,1,1,0
2016-04-04,3,3,0
2016-04-05,3,3,0
2016-04-07,1,1,0
2016-04-10,1,1,0
2016-04-11,2,1,1
2016-04-12,1,1,0
2016-04-13,4,4,0
2016-04-14,1,1,0
2016-04-15,3,2,1
2016-04-16,1,1,0
2016-04-18,3,3,0
2016-04-19,6,2,4
2016-04-20,1,1,0
2016-04-21,2,2,0
2016-04-22,4,4,0
2016-04-23,1,0,1
2016-04-25,2,2,0
2016-04-26,1,1,0
2016-04-27,3,2,1
2016-04-28,3,2,1
2016-04-29,1,1,0
2016-05-02,1,1,0
2016-05-03,1,1,0
2016-05-04,1,1,0
2016-05-09,4,2,2
2016-05-11,3,3,0
2016-05-13,3,1,2
2016-05-16,2,2,0
2016-05-17,2,2,0
2016-05-18,5,4,1
2016-05-19,4,4,0
2016-05-20,1,1,0
2016-05-24,2,2,0
2016-05-25,2,2,0
2016-05-26,1,1,0
2016-05-27,1,1,0
2016-06-01,1,1,0
2016-06-02,1,1,0
2016-06-03,1,1,0
2016-06-04,1,1,0
2016-06-06,1,1,0
2016-06-07,2,2,0
2016-06-08,3,2,1
2016-06-09,1,1,0
2016-06-12,1,0,1
2016-06-13,7,6,1
2016-06-14,3,3,0
2016-06-15,1,1,0
2016-06-16,3,2,1
2016-06-17,3,2,1
2016-06-18,1,1,0
2016-06-20,3,3,0
2016-06-24,1,0,1
2016-06-26,1,1,0
2016-06-27,3,0,3
2016-06-28,3,3,0
2016-06-29,2,1,1
2016-07-01,2,2,0
2016-07-04,1,1,0
2016-07-07,2,2,0
2016-07-11,1,0,1
2016-07-12,2,1,1
2016-07-13,1,0,1
2016-07-14,3,2,1
2016-07-15,2,2,0
2016-07-16,1,1,0
2016-07-17,2,1,1
2016-07-18,1,1,0
2016-07-19,4,3,1
2016-07-20,5,4,1
2016-07-21,1,1,0
2016-07-24,1,1,0
2016-07-25,2,2,0
2016-07-26,3,2,1
2016-07-28,3,3,0
2016-07-29,3,3,0
2016-07-30,1,0,1
2016-08-01,1,1,0
2016-08-03,1,1,0
2016-08-04,2,2,0
2016-08-07,1,1,0
2016-08-08,2,2,0
2016-08-09,2,1,1
2016-08-10,1,1,0
2016-08-11,1,1,0
2016-08-16,3,3,0
2016-08-17,1,1,0
2016-08-19,1,1,0
2016-08-23,1,0,1
2016-08-26,3,2,1
2016-08-30,1,1,0
2016-08-31,1,1,0
2016-09-01,1,1,0
2016-09-03,1,0,1
2016-09-05,1,1,0
2016-09-07,3,3,0
2016-09-08,2,2,0
2016-09-12,2,2,0
2016-09-13,2,2,0
2016-09-14,1,1,0
2016-09-15,2,2,0
2016-09-18,1,1,0
2016-09-20,2,2,0
2016-09-21,2,1,1
2016-09-23,2,1,1
2016-09-25,1,1,0
2016-09-26,1,1,0
2016-09-27,2,2,0
2016-09-28,2,2,0
2016-09-29,2,2,0
2016-09-30,2,1,1
2016-10-02,2,2,0
2016-10-03,2,2,0
2016-10-04,1,1,0
2016-10-05,1,1,0
2016-10-06,2,1,1
2016-10-07,3,3,0
2016-10-10,2,1,1
2016-10-11,4,3,1
2016-10-12,2,2,0
2016-10-13,1,1,0
2016-10-16,1,0,1
2016-10-17,1,1,0
2016-10-18,2,2,0
2016-10-20,3,2,1
2016-10-21,4,4,0
2016-10-23,2,2,0
2016-10-26,3,3,0
2016-10-27,2,1,1
2016-10-29,1,0,1
2016-10-31,1,1,0
2016-11-01,2,2,0
2016-11-02,3,2,1
2016-11-03,2,2,0
2016-11-04,1,1,0
2016-11-05,1,1,0
2016-11-07,2,2,0
2016-11-09,2,1,1
2016-11-10,3,1,2
2016-11-12,2,2,0
2016-11-16,1,0,1
2016-11-20,1,1,0
2016-11-21,2,2,0
2016-11-25,1,0,1
2016-11-29,1,1,0
2016-12-01,2,2,0
2016-12-02,1,1,0
2016-12-04,1,1,0
2016-12-06,6,4,2
2016-12-07,1,1,0
2016-12-08,1,1,0
2016-12-09,2,2,0
2016-12-12,1,1,0
2016-12-13,3,2,1
2016-12-14,1,1,0
2016-12-15,1,1,0
2016-12-17,1,1,0
2016-12-19,1,0,1
2016-12-20,2,2,0
2016-12-22,2,1,1
2016-12-25,1,0,1
2016-12-26,1,0,1
2016-12-27,2,2,0
2016-12-29,1,1,0
2016-12-30,1,0,1
2017-01-01,1,0,1
2017-01-02,2,1,1
2017-01-04,1,1,0
2017-01-05,1,1,0
2017-01-06,2,1,1
2017-01-07,1,1,0
2017-01-09,1,1,0
2017-01-11,1,0,1
2017-01-12,1,1,0
2017-01-13,1,1,0
2017-01-16,1,1,0
2017-01-17,1,1,0
2017-01-18,1,1,0
2017-01-19,1,1,0
2017-01-23,1,1,0
2017-01-24,1,1,0
2017-01-25,3,2,1
2017-01-27,1,1,0
2017-01-28,2,2,0
2017-01-29,1,1,0
2017-01-31,1,1,0
2017-02-01,1,1,0
2017-02-02,1,0,1
2017-02-03,2,1,1
2017-02-06,3,2,1
2017-02-08,1,1,0
2017-02-10,1,1,0
2017-02-13,1,1,0
2017-02-14,1,1,0
2017-02-15,1,1,0
2017-02-16,2,1,1
2017-02-17,1,1,0
2017-02-20,1,1,0
2017-02-22,2,2,0
2017-02-24,1,1,0
2017-02-25,1,1,0
2017-02-27,1,0,1
2017-02-28,3,2,1
2017-03-01,2,2,0
2017-03-02,1,1,0
2017-03-03,3,3,0
2017-03-07,3,3,0
2017-03-08,1,0,1
2017-03-09,1,1,0
2017-03-12,1,1,0
2017-03-13,2,2,0
2017-03-14,2,2,0
2017-03-15,1,0,1
2017-03-16,1,0,1
2017-03-17,1,1,0
2017-03-21,1,1,0
2017-03-22,3,2,1
2017-03-24,2,1,1
2017-03-26,1,1,0
2017-03-29,1,0,1
2017-03-31,3,3,0
2017-04-01,1,1,0
2017-04-03,1,1,0
2017-04-04,1,1,0
2017-04-09,1,1,0
2017-04-10,1,1,0
2017-04-11,1,1,0
2017-04-12,1,0,1
2017-04-14,1,1,0
2017-04-15,1,1,0
2017-04-16,1,1,0
2017-04-18,4,3,1
2017-04-19,4,2,2
2017-04-21,1,1,0
2017-04-22,1,1,0
2017-04-24,2,2,0
2017-04-25,2,0,2
2017-04-26,1,1,0
2017-04-27,2,2,0
2017-04-28,4,2,2
2017-04-29,2,2,0
2017-05-01,3,3,0
2017-05-02,2,0,2
2017-05-03,2,1,1
2017-05-05,1,0,1
2017-05-08,2,1,1
2017-05-09,2,2,0
2017-05-10,4,3,1
2017-05-12,1,1,0
2017-05-13,2,2,0
2017-05-14,1,1,0
2017-05-15,4,4,0
2017-05-16,4,3,1
2017-05-17,1,0,1
2017-05-18,1,1,0
2017-05-19,2,2,0
2017-05-20,1,1,0
2017-05-22,1,1,0
2017-05-24,1,0,1
2017-05-26,2,2,0
2017-05-30,3,3,0
2017-06-01,2,2,0
2017-06-02,2,2,0
2017-06-03,1,1,0
2017-06-05,2,1,1
2017-06-06,3,3,0
2017-06-08,2,2,0
2017-06-11,1,1,0
2017-06-12,2,1,1
2017-06-13,1,1,0
2017-06-14,3,2,1
2017-06-15,3,2,1
2017-06-16,1,1,0
2017-06-17,2,2,0
2017-06-19,2,2,0
2017-06-20,2,2,0
2017-06-21,1,1,0
2017-06-22,1,1,0
2017-06-23,1,0,1
2017-06-26,1,1,0
2017-06-27,3,2,1
2017-06-28,3,1,2
2017-06-29,2,2,0
2017-07-03,2,2,0
2017-07-05,1,1,0
2017-07-06,2,2,0
2017-07-07,1,1,0
2017-07-10,2,2,0
2017-07-11,3,3,0
2017-07-12,3,3,0
2017-07-13,1,1,0
2017-07-14,1,1,0
2017-07-16,1,0,1
2017-07-17,2,2,0
2017-07-19,2,2,0
2017-07-21,2,2,0
2017-07-23,1,0,1
2017-07-24,2,2,0
2017-07-26,3,3,0
2017-07-27,2,2,0
2017-07-28,3,2,1
2017-07-31,2,2,0
2017-08-01,2,1,1
2017-08-02,6,6,0
2017-08-03,3,3,0
2017-08-04,1,1,0
2017-08-07,1,1,0
2017-08-08,1,1,0
2017-08-16,2,1,1
2017-08-17,1,1,0
2017-08-18,2,2,0
2017-08-21,2,2,0
2017-08-23,1,1,0
2017-08-24,3,3,0
2017-08-25,1,1,0
2017-08-28,4,2,2
2017-08-29,2,2,0
2017-08-30,2,1,1
2017-09-01,2,2,0
2017-09-02,1,0,1
2017-09-05,3,3,0
2017-09-06,4,4,0
2017-09-07,1,1,0
2017-09-08,3,2,1
2017-09-10,1,1,0
2017-09-12,2,2,0
2017-09-13,1,0,1
2017-09-15,1,1,0
2017-09-18,3,3,0
2017-09-21,2,2,0
2017-09-22,1,0,1
2017-09-25,2,2,0
2017-09-26,2,2,0
2017-09-27,3,2,1
2017-09-28,1,1,0
2017-09-29,2,2,0
2017-10-02,1,1,0
2017-10-04,2,1,1
2017-10-05,1,1,0
2017-10-06,1,1,0
2017-10-09,2,1,1
2017-10-10,1,0,1
2017-10-11,3,3,0
2017-10-12,1,0,1
2017-10-13,4,3,1
2017-10-15,1,1,0
2017-10-16,1,1,0
2017-10-17,1,0,1
2017-10-18,1,1,0
2017-10-19,2,1,1
2017-10-20,2,2,0
2017-10-22,1,0,1
2017-10-23,2,2,0
2017-10-24,1,0,1
2017-10-25,4,4,0
2017-10-26,3,2,1
2017-10-27,2,2,0
2017-10-30,1,1,0
2017-10-31,1,1,0
2017-11-01,2,1,1
2017-11-02,1,1,0
2017-11-03,2,0,2
2017-11-05,2,2,0
2017-11-07,4,3,1
2017-11-08,2,1,1
2017-11-09,1,1,0
2017-11-10,3,3,0
2017-11-11,1,1,0
2017-11-13,3,3,0
2017-11-14,1,1,0
2017-11-15,3,2,1
2017-11-19,1,0,1
2017-11-20,1,1,0
2017-11-21,2,2,0
2017-11-28,2,2,0
2017-11-29,5,3,2
2017-11-30,2,2,0
2017-12-03,1,1,0
2017-12-04,1,0,1
2017-12-05,1,1,0
2017-12-07,1,1,0
2017-12-12,2,2,0
2017-12-13,2,1,1
2017-12-14,3,3,0
2017-12-19,3,3,0
2017-12-20,2,2,0
2017-12-21,1,1,0
2017-12-22,1,0,1
2017-12-26,1,1,0
2017-12-27,2,2,0
2017-12-29,2,2,0
2017-12-31,1,0,1
2018-01-01,2,1,1
2018-01-02,1,1,0
2018-01-03,1,1,0
2018-01-04,4,4,0
2018-01-05,1,1,0
2018-01-07,1,1,0
2018-01-08,1,1,0
2018-01-09,1,1,0
2018-01-10,1,1,0
2018-01-11,3,3,0
2018-01-14,1,1,0
2018-01-15,2,2,0
2018-01-16,1,1,0
2018-01-17,4,3,1
2018-01-18,3,2,1
2018-01-19,1,1,0
2018-01-23,2,2,0
2018-01-24,2,1,1
2018-01-25,3,3,0
2018-01-28,1,0,1
2018-01-29,1,1,0
2018-01-30,1,1,0
2018-01-31,2,1,1
2018-02-01,1,1,0
2018-02-02,1,1,0
2018-02-07,1,1,0
2018-02-09,3,2,1
2018-02-10,1,0,1
2018-02-12,2,0,2
2018-02-13,1,1,0
2018-02-15,1,1,0
2018-02-16,2,1,1
2018-02-19,1,1,0
2018-02-21,1,1,0
2018-02-22,1,1,0
2018-02-23,1,0,1
2018-02-28,1,1,0
2018-03-01,1,1,0
2018-03-02,1,0,1
2018-03-05,1,1,0
2018-03-06,3,2,1
2018-03-07,1,0,1
2018-03-08,2,1,1
2018-03-09,1,1,0
2018-03-10,1,1,0
2018-03-11,1,0,1
2018-03-12,3,3,0
2018-03-13,2,1,1
2018-03-14,1,1,0
2018-03-15,1,0,1
2018-03-16,2,2,0
2018-03-19,3,1,2
2018-03-20,1,0,1
2018-03-22,4,3,1
2018-03-23,1,0,1
2018-03-25,1,1,0
2018-03-26,2,1,1
2018-03-27,4,3,1
2018-03-29,4,4,0
2018-03-30,1,0,1
2018-04-01,1,1,0
2018-04-02,2,1,1
2018-04-03,4,4,0
2018-04-05,1,1,0
2018-04-10,1,1,0
2018-04-11,1,1,0
2018-04-16,2,2,0
2018-04-17,1,1,0
2018-04-18,2,2,0
2018-04-19,3,2,1
2018-04-20,2,2,0
2018-04-22,1,0,1
2018-04-23,1,1,0
2018-04-24,1,1,0
2018-04-26,3,3,0
2018-04-27,1,1,0
2018-04-29,1,1,0
2018-05-01,2,2,0
2018-05-02,1,1,0
2018-05-03,1,1,0
2018-05-04,1,0,1
2018-05-05,1,0,1
2018-05-06,2,2,0
2018-05-07,2,1,1
2018-05-08,4,4,0
2018-05-09,1,1,0
2018-05-11,1,1,0
2018-05-14,1,1,0
2018-05-15,1,1,0
2018-05-16,1,1,0
2018-05-17,2,0,2
2018-05-18,1,1,0
2018-05-20,1,1,0
2018-05-21,1,0,1
2018-05-22,2,1,1
2018-05-23,1,0,1
2018-05-24,2,1,1
2018-05-25,1,1,0
2018-05-27,1,1,0
2018-05-29,2,1,1
2018-05-30,3,2,1
2018-05-31,1,1,0
2018-06-01,2,1,1
2018-06-04,5,5,0
2018-06-05,2,2,0
2018-06-06,1,1,0
2018-06-08,1,1,0
2018-06-11,3,1,2
2018-06-12,3,3,0
2018-06-13,1,1,0
2018-06-14,3,2,1
2018-06-17,2,2,0
2018-06-19,4,4,0
2018-06-20,4,3,1
2018-06-21,2,2,0
2018-06-22,3,2,1
2018-06-25,2,2,0
2018-06-26,1,0,1
2018-06-28,1,1,0
2018-06-29,1,1,0
2018-07-03,2,2,0
2018-07-04,3,2,1
2018-07-05,1,1,0
2018-07-08,1,1,0
2018-07-09,1,0,1
2018-07-10,1,0,1
2018-07-13,1,0,1
2018-07-15,1,1,0
2018-07-17,1,1,0
2018-07-18,3,2,1
2018-07-19,2,2,0
2018-07-20,1,1,0
2018-07-24,2,1,1
2018-07-26,5,4,1
2018-07-27,2,1,1
2018-07-31,1,1,0
2018-08-01,2,1,1
2018-08-02,2,2,0
2018-08-03,2,1,1
2018-08-05,1,1,0
2018-08-06,1,0,1
2018-08-08,2,1,1
2018-08-10,1,1,0
2018-08-13,1,1,0
2018-08-14,1,1,0
2018-08-15,1,1,0
2018-08-21,3,1,2
2018-08-22,4,4,0
2018-08-23,1,0,1
2018-08-24,5,4,1
2018-08-26,1,1,0
2018-08-31,2,0,2
2018-09-03,1,1,0
2018-09-04,1,0,1
2018-09-06,1,0,1
2018-09-07,2,2,0
2018-09-09,1,0,1
2018-09-12,2,2,0
2018-09-13,1,0,1
2018-09-18,1,1,0
2018-09-23,1,0,1
2018-09-24,1,1,0
2018-09-26,1,1,0
2018-10-02,2,1,1
2018-10-03,1,1,0
2018-10-07,2,2,0
2018-10-08,1,1,0
2018-10-09,3,2,1
2018-10-10,2,2,0
2018-10-11,1,0,1
2018-10-12,1,1,0
2018-10-15,1,1,0
2018-10-16,1,1,0
2018-10-18,2,2,0
2018-10-19,1,1,0
2018-10-21,2,2,0
2018-10-23,1,1,0
2018-10-24,3,2,1
2018-10-25,3,2,1
2018-10-26,1,1,0
2018-10-28,2,2,0
2018-10-29,2,2,0
2018-10-31,3,3,0
2018-11-01,2,1,1
2018-11-03,1,0,1
2018-11-05,1,1,0
2018-11-06,1,1,0
2018-11-07,2,2,0
2018-11-08,2,2,0
2018-11-10,1,1,0
2018-11-12,1,0,1
2018-11-13,2,2,0
2018-11-14,2,1,1
2018-11-15,1,0,1
2018-11-16,1,1,0
2018-11-22,1,1,0
2018-11-23,1,1,0
2018-11-25,1,1,0
2018-11-27,3,2,1
2018-11-28,3,2,1
2018-11-29,1,1,0
2018-11-30,1,1,0
2018-12-04,1,1,0
2018-12-06,1,1,0
2018-12-07,4,3,1
2018-12-10,3,3,0
2018-12-11,1,1,0
2018-12-13,1,1,0
2018-12-14,1,1,0
2018-12-16,1,1,0
2018-12-19,2,2,0
2018-12-20,1,1,0
2018-12-21,3,2,1
2018-12-22,1,1,0
2019-01-01,2,1,1
2019-01-04,1,1,0
2019-01-07,1,1,0
2019-01-15,1,1,0
2019-01-16,2,1,1
2019-01-17,2,2,0
2019-01-18,1,0,1
2019-01-22,1,1,0
2019-01-24,3,3,0
2019-01-25,3,2,1
2019-01-27,1,1,0
2019-01-28,1,1,0
2019-01-31,2,1,1
2019-02-01,1,0,1
2019-02-03,3,3,0
2019-02-04,3,3,0
2019-02-05,1,1,0
2019-02-06,2,2,0
2019-02-08,1,0,1
2019-02-12,1,1,0
2019-02-13,1,1,0
2019-02-14,1,1,0
2019-02-15,2,2,0
2019-02-20,2,2,0
2019-02-26,1,1,0
2019-02-27,1,1,0
2019-03-03,1,1,0
2019-03-04,2,2,0
2019-03-06,1,1,0
2019-03-09,1,1,0
2019-03-11,1,1,0
2019-03-13,2,2,0
2019-03-15,1,0,1
2019-03-17,1,0,1
2019-03-18,1,0,1
2019-03-19,1,1,0
2019-03-20,3,3,0
2019-03-21,1,1,0
2019-03-22,1,1,0
2019-03-25,1,1,0
2019-03-27,3,1,2
2019-03-28,2,2,0
2019-03-29,1,1,0
2019-04-03,2,2,0
2019-04-04,1,1,0
2019-04-05,2,1,1
2019-04-07,1,0,1
2019-04-10,2,2,0
2019-04-11,2,1,1
2019-04-12,2,2,0
2019-04-17,1,1,0
2019-04-23,2,1,1
2019-04-24,1,1,0
2019-04-25,2,1,1
2019-04-26,2,2,0
2019-04-29,1,0,1
2019-04-30,4,4,0
2019-05-03,1,1,0
2019-05-05,1,1,0
2019-05-12,1,1,0
2019-05-13,2,1,1
2019-05-15,2,1,1
2019-05-16,1,1,0
2019-05-17,2,2,0
2019-05-19,1,1,0
2019-05-20,1,1,0
2019-05-22,2,2,0
2019-05-29,2,2,0
2019-05-31,2,1,1
2019-06-02,2,2,0
2019-06-03,3,3,0
2019-06-06,3,2,1
2019-06-07,2,2,0
2019-06-08,1,1,0
2019-06-10,2,2,0
2019-06-11,2,2,0
2019-06-12,3,3,0
2019-06-14,2,2,0
2019-06-17,1,1,0
2019-06-18,1,1,0
2019-06-19,1,1,0
2019-06-20,1,0,1
2019-06-21,1,1,0
2019-06-23,1,1,0
2019-06-24,2,2,0
2019-06-25,1,1,0
2019-06-26,1,1,0
2019-06-30,1,1,0
2019-07-01,1,1,0
2019-07-03,1,0,1
2019-07-07,1,1,0
2019-07-08,2,2,0
2019-07-09,1,0,1
2019-07-10,4,3,1
2019-07-12,2,1,1
2019-07-13,2,1,1
2019-07-15,1,1,0
2019-07-17,1,1,0
2019-07-18,2,1,1
2019-07-19,1,1,0
2019-07-22,2,2,0
2019-07-23,1,1,0
2019-07-24,1,1,0
2019-07-25,2,2,0
2019-07-26,4,3,1
2019-07-30,3,2,1
2019-08-02,1,1,0
2019-08-05,3,3,0
2019-08-07,2,1,1
2019-08-08,1,0,1
2019-08-12,2,2,0
2019-08-14,1,0,1
2019-08-16,1,1,0
2019-08-19,2,2,0
2019-08-20,3,2,1
2019-08-23,1,1,0
2019-08-27,1,1,0
2019-09-03,2,2,0
2019-09-04,5,5,0
2019-09-05,2,2,0
2019-09-06,3,3,0
2019-09-07,1,1,0
2019-09-08,1,1,0
2019-09-09,3,3,0
2019-09-11,2,2,0
2019-09-12,1,1,0
2019-09-13,2,0,2
2019-09-19,1,1,0
2019-09-20,1,1,0
2019-09-24,1,0,1
2019-09-25,1,0,1
2019-09-26,3,3,0
2019-10-04,2,1,1
2019-10-08,1,0,1
2019-10-09,1,1,0
2019-10-12,1,1,0
2019-10-15,1,1,0
2019-10-17,1,1,0
2019-10-21,1,1,0
2019-10-22,2,2,0
2019-10-23,4,3,1
2019-10-24,1,1,0
2019-10-25,1,1,0
2019-10-28,2,1,1
2019-10-30,1,1,0
2019-10-31,1,0,1
2019-11-01,1,0,1
2019-11-03,1,0,1
2019-11-04,1,1,0
2019-11-05,2,1,1
2019-11-06,3,3,0
2019-11-07,1,1,0
2019-11-08,1,1,0
2019-11-10,1,1,0
2019-11-11,1,1,0
2019-11-12,2,2,0
2019-11-14,3,2,1
2019-11-15,2,2,0
2019-11-18,1,1,0
2019-11-19,1,1,0
2019-11-22,2,2,0
2019-12-02,1,0,1
2019-12-03,2,2,0
2019-12-04,1,1,0
2019-12-06,2,2,0
2019-12-09,1,1,0
2019-12-10,3,3,0
2019-12-13,1,1,0
2019-12-15,2,1,1
2019-12-16,2,2,0
2019-12-19,2,2,0
2019-12-20,1,0,1
2019-12-22,1,1,0
2019-12-25,1,1,0
2019-12-27,1,1,0
2019-12-29,1,1,0
2019-12-30,2,2,0
2020-01-02,1,0,1
2020-01-07,2,2,0
2020-01-08,1,1,0
2020-01-09,1,1,0
2020-01-10,1,1,0
2020-01-13,1,1,0
2020-01-15,1,0,1
2020-01-16,2,2,0
2020-01-17,2,2,0
2020-01-20,3,3,0
2020-01-22,3,3,0
2020-01-23,2,2,0
2020-01-24,1,1,0
2020-01-30,4,2,2
2020-01-31,1,1,0
2020-02-02,1,0,1
2020-02-04,2,1,1
2020-02-05,2,2,0
2020-02-07,1,0,1
2020-02-10,1,1,0
2020-02-11,2,2,0
2020-02-12,1,1,0
2020-02-13,2,1,1
2020-02-14,3,3,0
2020-02-17,2,2,0
2020-02-19,2,2,0
2020-02-20,1,1,0
2020-02-24,1,1,0
2020-02-26,2,1,1
2020-02-27,3,1,2
2020-02-28,4,4,0
2020-03-02,1,1,0
2020-03-05,3,2,1
2020-03-06,2,0,2
2020-03-08,1,1,0
2020-03-11,2,2,0
2020-03-13,3,2,1
2020-03-15,1,1,0
2020-03-16,1,1,0
2020-03-20,1,1,0
2020-03-23,3,3,0
2020-03-26,1,1,0
2020-03-27,3,3,0
2020-03-30,1,1,0
2020-04-02,1,1,0
2020-04-08,2,1,1
2020-04-14,1,1,0
2020-04-17,3,1,2
2020-04-19,1,1,0
2020-04-20,1,1,0
2020-04-21,2,0,2
2020-04-22,1,1,0
2020-04-24,1,0,1
2020-04-27,2,1,1
2020-04-28,2,1,1
2020-04-29,4,3,1
2020-04-30,2,2,0
2020-05-01,2,1,1
2020-05-03,1,0,1
2020-05-07,1,1,0
2020-05-09,1,1,0
2020-05-10,1,1,0
2020-05-12,1,0,1
2020-05-14,2,2,0
2020-05-16,1,1,0
2020-05-20,1,1,0
2020-05-22,1,0,1
2020-05-26,1,1,0
2020-06-04,1,1,0
2020-06-05,1,1,0
2020-06-08,1,1,0
2020-06-09,2,1,1
2020-06-10,1,1,0
2020-06-13,1,1,0
2020-06-15,1,1,0
2020-06-16,1,1,0
2020-06-17,1,1,0
2020-06-18,2,2,0
2020-06-19,2,2,0
2020-06-21,1,1,0
2020-06-22,2,2,0
2020-06-23,2,2,0
2020-06-24,2,1,1
2020-06-25,1,1,0
2020-06-26,3,1,2
2020-06-30,1,1,0
2020-07-01,3,3,0
2020-07-07,1,1,0
2020-07-08,2,1,1
2020-07-09,1,1,0
2020-07-13,1,1,0
2020-07-14,1,0,1
2020-07-15,3,2,1
2020-07-20,3,3,0
2020-07-21,2,2,0
2020-07-22,1,0,1
2020-07-23,2,2,0
2020-07-28,1,1,0
2020-07-29,2,1,1
2020-07-30,1,1,0
2020-07-31,2,2,0
2020-08-01,3,3,0
2020-08-03,6,5,1
2020-08-05,2,2,0
2020-08-07,2,0,2
2020-08-11,2,2,0
2020-08-12,1,1,0
2020-08-13,2,2,0
2020-08-14,2,2,0
2020-08-15,1,1,0
2020-08-16,1,1,0
2020-08-17,1,0,1
2020-08-18,2,2,0
2020-08-19,4,3,1
2020-08-20,1,0,1
2020-08-22,1,1,0
2020-08-24,2,2,0
2020-08-25,3,2,1
2020-08-26,4,2,2
2020-08-27,3,1,2
2020-08-28,3,2,1
2020-08-29,1,0,1
2020-08-31,2,1,1
2020-09-03,2,1,1
2020-09-04,5,3,2
2020-09-05,1,1,0
2020-09-10,1,1,0
2020-09-11,3,2,1
2020-09-13,1,1,0
2020-09-14,3,1,2
2020-09-15,1,1,0
2020-09-16,1,1,0
2020-09-17,2,2,0
2020-09-18,1,0,1
2020-09-21,2,1,1
2020-09-22,2,2,0
2020-09-28,1,0,1
2020-10-02,2,2,0
2020-10-06,3,3,0
2020-10-07,1,1,0
2020-10-08,3,3,0
2020-10-09,2,2,0
2020-10-12,3,1,2
2020-10-13,1,0,1
2020-10-18,1,1,0
2020-10-20,4,3,1
2020-10-21,5,3,2
2020-10-22,3,3,0
2020-10-25,1,1,0
2020-10-26,1,1,0
2020-10-28,1,1,0
2020-10-29,1,1,0
2020-11-04,2,2,0
2020-11-05,1,1,0
2020-11-06,1,1,0
2020-11-09,1,1,0
2020-11-10,3,3,0
2020-11-11,1,0,1
2020-11-12,2,2,0
2020-11-18,1,1,0
2020-11-30,1,1,0
2020-12-01,2,1,1
2020-12-02,2,2,0
2020-12-03,3,3,0
2020-12-07,1,0,1
2020-12-08,1,1,0
2020-12-09,1,1,0
2020-12-14,4,4,0
2020-12-15,3,3,0
2020-12-16,2,1,1
2020-12-17,1,1,0
2020-12-18,2,1,1
2020-12-21,1,1,0
2020-12-23,1,1,0
2020-12-31,1,1,0
2021-01-04,1,1,0
2021-01-05,1,1,0
2021-01-06,2,2,0
2021-01-07,1,0,1
2021-01-10,1,1,0
2021-01-11,1,0,1
2021-01-12,1,0,1
2021-01-15,1,1,0
2021-01-19,1,1,0
2021-01-20,1,1,0
2021-01-22,1,1,0
2021-01-23,1,1,0
2021-01-24,1,1,0
2021-01-25,2,1,1
2021-01-26,2,2,0
2021-01-27,2,1,1
2021-01-29,1,1,0
2021-02-01,1,0,1
2021-02-02,2,1,1
2021-02-03,1,1,0
2021-02-06,1,1,0
2021-02-08,1,1,0
2021-02-11,1,1,0
2021-02-13,1,1,0
2021-02-16,4,3,1
2021-02-17,1,1,0
2021-02-19,1,1,0
2021-02-20,1,1,0
2021-02-22,1,0,1
2021-02-23,1,1,0
2021-02-24,1,1,0
2021-02-26,1,1,0
2021-03-02,1,0,1
2021-03-06,1,1,0
2021-03-09,1,1,0
2021-03-10,2,1,1
2021-03-11,1,0,1
2021-03-12,1,1,0
2021-03-13,1,1,0
2021-03-17,1,0,1
2021-03-18,1,1,0
2021-03-19,1,1,0
2021-03-21,1,1,0
2021-03-22,1,1,0
2021-03-23,3,3,0
2021-03-24,1,1,0
2021-03-30,1,1,0
2021-03-31,4,3,1
2021-04-01,2,2,0
2021-04-03,1,1,0
2021-04-06,3,2,1
2021-04-09,1,1,0
2021-04-12,2,1,1
2021-04-13,2,1,1
2021-04-14,2,1,1
2021-04-16,1,1,0
2021-04-20,2,1,1
2021-04-21,3,2,1
2021-04-24,1,1,0
2021-04-27,5,2,3
2021-04-28,5,3,2
2021-04-29,4,2,2
2021-04-30,1,1,0
2021-05-02,1,1,0
2021-05-03,4,2,2
2021-05-04,2,2,0
2021-05-05,1,1,0
2021-05-11,1,1,0
2021-05-13,1,0,1
2021-05-14,1,1,0
2021-05-16,1,1,0
2021-05-17,1,1,0
2021-05-20,1,1,0
2021-05-21,1,1,0
2021-05-25,1,0,1
2021-05-26,1,1,0
2021-05-27,1,1,0
2021-05-30,1,1,0
2021-06-04,1,1,0
2021-06-05,2,1,1
2021-06-07,1,1,0
2021-06-09,2,2,0
2021-06-10,2,2,0
2021-06-11,1,0,1
2021-06-14,2,2,0
2021-06-16,1,1,0
2021-06-23,3,2,1
2021-06-24,1,1,0
2021-06-28,1,0,1
2021-06-29,2,1,1
2021-06-30,2,1,1
2021-07-01,2,1,1
2021-07-02,2,2,0
2021-07-06,1,0,1
2021-07-07,4,2,2
2021-07-13,1,1,0
2021-07-14,1,1,0
2021-07-19,4,4,0
2021-07-20,2,2,0
2021-07-21,2,2,0
2021-07-22,1,1,0
2021-07-27,3,2,1
2021-07-28,2,2,0
2021-07-29,2,2,0
2021-07-30,2,1,1
2021-08-03,1,0,1
2021-08-05,1,1,0
2021-08-09,2,1,1
2021-08-11,2,1,1
2021-08-12,2,2,0
2021-08-17,1,0,1
2021-08-18,1,0,1
2021-08-19,1,1,0
2021-08-20,1,1,0
2021-08-24,1,1,0
2021-08-26,2,2,0
2021-08-30,1,1,0
2021-08-31,1,1,0
2021-09-01,1,1,0
2021-09-02,2,1,1
2021-09-09,1,1,0
2021-09-13,2,1,1
2021-09-15,2,2,0
2021-09-16,1,1,0
2021-09-17,1,0,1
2021-09-18,1,1,0
2021-09-22,1,1,0
2021-09-23,1,0,1
2021-09-28,1,1,0
2021-10-04,2,2,0
2021-10-06,2,2,0
2021-10-08,1,0,1
2021-10-10,1,1,0
2021-10-11,1,1,0
2021-10-12,2,1,1
2021-10-14,1,1,0
2021-10-15,1,0,1
2021-10-18,1,0,1
2021-10-19,1,1,0
2021-10-20,1,1,0
2021-10-21,2,2,0
2021-10-22,1,1,0
2021-10-24,1,1,0
2021-10-25,2,2,0
2021-10-26,3,3,0
2021-10-27,2,1,1
2021-10-29,1,0,1
2021-11-01,1,1,0
2021-11-02,2,1,1
2021-11-03,2,2,0
2021-11-04,1,1,0
2021-11-05,1,0,1
2021-11-10,1,1,0
2021-11-15,2,0,2
2021-11-16,2,0,2
2021-11-17,3,3,0
2021-11-19,1,1,0
2021-11-22,1,1,0
2021-11-23,1,1,0
2021-11-29,2,2,0
2021-12-01,1,1,0
2021-12-02,1,1,0
2021-12-03,1,1,0
2021-12-06,1,1,0
2021-12-07,1,1,0
2021-12-08,1,1,0
2021-12-11,1,1,0
2021-12-14,2,2,0
2021-12-17,1,1,0
2021-12-20,2,2,0
2021-12-22,2,2,0
2021-12-29,1,1,0
2021-12-30,2,2,0
2022-01-03,2,2,0
2022-01-05,2,2,0
2022-01-06,2,1,1
2022-01-10,2,1,1
2022-01-12,1,1,0
2022-01-13,2,2,0
2022-01-14,2,2,0
2022-01-18,7,3,4
2022-01-19,3,3,0
2022-01-20,2,1,1
2022-01-21,2,2,0
2022-01-24,2,0,2
2022-01-25,5,4,1
2022-01-26,3,1,2
2022-01-27,1,0,1
2022-01-31,2,2,0
2022-02-01,3,1,2
2022-02-02,1,0,1
2022-02-03,2,1,1
2022-02-08,1,1,0
2022-02-09,2,2,0
2022-02-10,1,1,0
2022-02-11,1,1,0
2022-02-12,1,1,0
2022-02-14,1,1,0
2022-02-15,1,1,0
2022-02-17,1,1,0
2022-02-18,1,1,0
2022-02-22,2,1,1
2022-02-23,1,1,0
2022-02-24,2,1,1
2022-03-01,1,1,0
2022-03-02,1,1,0
2022-03-04,1,1,0
2022-03-07,2,1,1
2022-03-08,1,1,0
2022-03-09,2,2,0
2022-03-10,1,0,1
2022-03-11,3,2,1
2022-03-16,1,1,0
2022-03-17,1,1,0
2022-03-18,2,2,0
2022-03-21,3,3,0
2022-03-24,3,3,0
2022-03-25,1,1,0
2022-03-28,2,2,0
2022-03-30,2,2,0
2022-03-31,2,2,0
2022-04-01,1,1,0
2022-04-06,1,1,0
2022-04-07,1,1,0
2022-04-08,1,1,0
2022-04-12,1,1,0
2022-04-13,1,1,0
2022-04-14,1,0,1
2022-04-15,1,1,0
2022-04-16,2,1,1
2022-04-19,1,1,0
2022-04-20,2,1,1
2022-04-22,2,2,0
2022-04-25,2,2,0
2022-04-26,4,4,0
2022-04-27,1,1,0
2022-04-28,3,2,1
2022-04-29,2,2,0
2022-04-30,1,1,0
2022-05-02,1,1,0
2022-05-04,2,2,0
2022-05-05,1,1,0
2022-05-10,1,0,1
2022-05-11,3,3,0
2022-05-12,1,1,0
2022-05-16,1,1,0
2022-05-18,2,2,0
2022-05-20,1,1,0
2022-05-23,4,3,1
2022-05-25,1,1,0
2022-05-26,2,1,1
2022-06-01,1,1,0
2022-06-03,1,1,0
2022-06-04,1,1,0
2022-06-06,2,2,0
2022-06-07,1,1,0
2022-06-09,3,3,0
2022-06-13,2,1,1
2022-06-15,1,1,0
2022-06-17,1,1,0
2022-06-20,1,1,0
2022-06-21,2,2,0
2022-06-22,2,2,0
2022-06-23,1,1,0
2022-06-24,2,1,1
2022-06-27,2,2,0
2022-06-28,1,1,0
2022-07-06,2,2,0
2022-07-08,1,1,0
2022-07-09,1,1,0
2022-07-13,1,1,0
2022-07-14,1,1,0
2022-07-16,1,1,0
2022-07-22,1,1,0
2022-07-26,3,3,0
2022-07-27,3,3,0
2022-07-28,3,3,0
2022-07-29,1,1,0
2022-08-02,2,1,1
2022-08-11,1,0,1
2022-08-21,1,1,0
2022-08-26,1,1,0
2022-09-01,2,2,0
2022-09-02,1,1,0
2022-09-07,3,3,0
2022-09-13,1,0,1
2022-09-16,1,1,0
2022-09-23,1,1,0
2022-09-24,1,1,0
2022-09-29,1,0,1
2022-09-30,1,1,0
2022-10-04,1,1,0
2022-10-11,1,1,0
2022-10-12,1,1,0
2022-10-13,1,1,0
2022-10-20,1,1,0
2022-10-21,1,1,0
2022-10-25,1,1,0
2022-10-26,3,3,0
2022-10-27,2,2,0
2022-10-28,3,3,0
2022-11-01,1,1,0
2022-11-02,1,0,1
2022-11-03,1,1,0
2022-11-09,1,1,0
2022-11-10,1,0,1
2022-11-14,1,1,0
2022-11-16,1,1,0
2022-11-21,1,0,1
2022-11-23,1,1,0
2022-11-28,1,1,0
2022-11-29,1,1,0
2022-12-02,1,1,0
2022-12-05,2,2,0
2022-12-06,3,2,1
2022-12-07,2,2,0
2022-12-08,3,3,0
2022-12-09,1,0,1
2022-12-10,2,2,0
2022-12-12,2,0,2
2022-12-15,1,0,1
2022-12-19,1,1,0
2022-12-20,1,1,0
2022-12-21,1,1,0
2022-12-22,1,1,0
2022-12-23,1,1,0
2022-12-29,1,0,1
2022-12-30,2,2,0
